198903, 198798, 1
198878, 198865, 1
198868, 198783, 1
198813, 198715, 1
198807, 198796, 1
198880, 198862, 1
198913, 198859, 1
198873, 198817, 1
198907, 198766, 1
198820, 198816, 1
198864, 198819, 1
198908, 198838, 1
198781, 198767, 1
198841, 198811, 1
198849, 198834, 1
198918, 198814, 1
198871, 198734, 1
198911, 198772, 1
198889, 198747, 1
198894, 198740, 1
198855, 198848, 1
198840, 198753, 1
198899, 198736, 1
198915, 198790, 1
198890, 198788, 1
198828, 198760, 1
198760, 198717, 1
198839, 198800, 1
198803, 198746, 1
198836, 198782, 1
198865, 198720, 1
198845, 198826, 1
198902, 198765, 1
198878, 198720, 1
198828, 198717, 1
198759, 198745, 1
198893, 198714, 1
198861, 198721, 1
198898, 198733, 1
198777, 198768, 1
198871, 198806, 1
198757, 198739, 1
198738, 198731, 1
198895, 198794, 1
198837, 198729, 1
198750, 198716, 1
198770, 198755, 1
198751, 198722, 1
198806, 198734, 1
198905, 198797, 1
198867, 198741, 0.9
198867, 198785, 0.88
198785, 198741, 0.87
198830, 198741, 0.84
198867, 198830, 0.83
198830, 198785, 0.82
198844, 198719, 0.81
198905, 198718, 0.8
198797, 198718, 0.8
198873, 198819, 0.78
198864, 198817, 0.78
198873, 198864, 0.78
198819, 198817, 0.78
198837, 198828, 0.76
198760, 198729, 0.76
198837, 198717, 0.76
198729, 198717, 0.76
198828, 198729, 0.76
198837, 198760, 0.76
198804, 198791, 0.74
198762, 198726, 0.69
198878, 198743, 0.68
198743, 198720, 0.68
198865, 198743, 0.68
198879, 198821, 0.67
198916, 198827, 0.66
198877, 198858, 0.63
198882, 198844, 0.59
198749, 198743, 0.57
198896, 198724, 0.56
198779, 198764, 0.55
198842, 198776, 0.54
198909, 198745, 0.53
198884, 198778, 0.53
198909, 198759, 0.53
198830, 16207, 1
198832, 166769, 1
198883, 111213, 1
198819, 125256, 1
198745, 11673, 1
198808, 177972, 1
198724, 190782, 1
198874, 134612, 1
198870, 181764, 1
198892, 190485, 1
198718, 194740, 1
198762, 181037, 1
198801, 196309, 1
198877, 183138, 1
198874, 134613, 1
198829, 170748, 1
198874, 134614, 1
198759, 11673, 1
198867, 118347, 1
198774, 197498, 1
198769, 145769, 1
198727, 198020, 1
198831, 112268, 1
198763, 12724, 1
198773, 13754, 1
198807, 111876, 1
198755, 185049, 1
198882, 121786, 1
198896, 138467, 1
198879, 167565, 1
198909, 144568, 1
198817, 182495, 1
198796, 111876, 1
198864, 125256, 1
198863, 170923, 1
198783, 152685, 1
198761, 160463, 1
198725, 161131, 1
198787, 108301, 1
198774, 197592, 1
198818, 116977, 1
198773, 190251, 1
198789, 142757, 1
198770, 185049, 1
198873, 182495, 1
198868, 152685, 1
198823, 130, 1
198872, 127222, 1
198744, 157900, 1
198860, 194579, 1
198821, 102826, 1
198888, 164443, 1
198810, 107061, 1
198802, 197030, 0.99
198834, 145524, 0.98
198905, 192461, 0.98
198813, 100156, 0.98
198715, 100156, 0.98
198797, 192461, 0.98
198849, 145524, 0.98
198714, 192279, 0.96
198893, 192279, 0.96
198755, 118402, 0.94
198770, 118402, 0.94
198883, 137341, 0.94
198776, 176978, 0.93
198784, 146596, 0.93
198802, 164111, 0.93
198830, 103380, 0.92
198830, 166746, 0.91
198830, 108590, 0.91
198741, 118347, 0.9
198882, 111262, 0.89
198832, 172921, 0.89
198810, 121328, 0.88
198729, 102925, 0.88
198755, 138371, 0.88
198785, 118347, 0.88
198770, 138371, 0.88
198837, 102925, 0.88
198851, 164191, 0.87
198766, 138315, 0.87
198805, 188935, 0.87
198907, 138315, 0.87
198805, 18531, 0.87
198883, 198033, 0.86
198883, 186901, 0.86
198851, 156508, 0.86
198766, 196055, 0.86
198907, 196055, 0.86
198875, 156090, 0.86
198907, 193417, 0.86
198814, 10636, 0.86
198805, 169837, 0.86
198875, 156091, 0.86
198907, 192592, 0.86
198918, 10636, 0.86
198766, 192592, 0.86
198766, 193417, 0.86
198883, 185393, 0.85
198784, 180204, 0.85
198784, 179703, 0.85
198810, 196865, 0.85
198904, 169616, 0.85
198766, 126921, 0.85
198821, 146187, 0.85
198907, 126921, 0.85
198780, 192643, 0.85
198807, 198550, 0.84
198757, 183672, 0.84
198769, 192727, 0.84
198739, 183672, 0.84
198741, 10153, 0.84
198830, 10153, 0.84
198851, 180915, 0.84
198867, 17771, 0.84
198784, 131933, 0.84
198796, 198550, 0.84
198756, 180166, 0.84
198882, 198579, 0.84
198741, 16207, 0.84
198867, 10153, 0.84
198756, 169856, 0.84
198856, 178928, 0.84
198829, 195865, 0.84
198830, 118347, 0.83
198875, 186046, 0.83
198845, 155157, 0.83
198776, 196427, 0.83
198875, 122298, 0.83
198875, 120019, 0.83
198842, 133610, 0.83
198789, 173035, 0.83
198802, 142747, 0.83
198901, 121779, 0.83
198789, 196793, 0.83
198875, 13618, 0.83
198875, 164062, 0.83
198826, 155157, 0.83
198851, 178961, 0.83
198867, 16207, 0.83
198755, 19402, 0.82
198795, 197570, 0.82
198883, 137951, 0.82
198805, 128371, 0.82
198770, 19402, 0.82
198784, 173356, 0.82
198785, 16207, 0.82
198746, 192297, 0.82
198888, 198266, 0.82
198787, 192639, 0.82
198785, 10153, 0.82
198713, 172636, 0.82
198784, 167156, 0.82
198803, 192297, 0.82
198904, 13897, 0.82
198866, 109157, 0.81
198761, 170352, 0.81
198776, 181128, 0.81
198805, 132198, 0.81
198851, 152090, 0.81
198802, 10889, 0.81
198851, 126905, 0.81
198851, 100398, 0.81
198776, 157903, 0.81
198866, 120085, 0.81
198741, 17771, 0.81
198866, 140376, 0.8
198845, 163066, 0.8
198832, 177498, 0.8
198739, 105870, 0.8
198826, 163066, 0.8
198808, 131096, 0.8
198797, 143445, 0.8
198851, 154299, 0.8
198874, 196709, 0.8
198756, 11759, 0.8
198883, 186472, 0.8
198874, 192148, 0.8
198874, 194545, 0.8
198810, 178484, 0.8
198901, 107794, 0.8
198797, 194740, 0.8
198757, 105870, 0.8
198874, 194435, 0.8
198905, 194740, 0.8
198905, 143445, 0.8
198809, 18867, 0.79
198805, 190979, 0.79
198904, 149126, 0.79
198737, 180320, 0.79
198882, 120522, 0.79
198785, 17771, 0.79
198907, 11435, 0.78
198873, 125256, 0.78
198883, 123675, 0.78
198849, 198024, 0.78
198789, 123905, 0.78
198870, 154627, 0.78
198741, 103380, 0.78
198824, 106796, 0.78
198901, 110113, 0.78
198848, 192434, 0.78
198879, 109534, 0.78
198824, 142602, 0.78
198864, 182495, 0.78
198879, 125013, 0.78
198874, 102256, 0.78
198834, 198024, 0.78
198802, 166845, 0.78
198855, 192434, 0.78
198718, 192461, 0.78
198766, 11435, 0.78
198817, 125256, 0.78
198819, 182495, 0.78
198763, 178957, 0.77
198875, 116869, 0.77
198870, 196690, 0.77
198875, 116870, 0.77
198773, 194522, 0.77
198887, 132062, 0.77
198883, 114700, 0.77
198741, 108590, 0.77
198856, 171166, 0.77
198741, 166746, 0.77
198761, 144970, 0.77
198815, 140345, 0.77
198761, 192707, 0.77
198887, 132063, 0.77
198756, 17239, 0.76
198815, 19873, 0.76
198736, 190804, 0.76
198875, 105640, 0.76
198832, 13575, 0.76
198867, 103380, 0.76
198836, 139138, 0.76
198718, 197183, 0.76
198867, 108590, 0.76
198805, 107947, 0.76
198832, 18868, 0.76
198815, 185259, 0.76
198856, 128271, 0.76
198815, 178102, 0.76
198879, 180580, 0.76
198884, 140669, 0.76
198899, 190804, 0.76
198782, 139138, 0.76
198802, 177965, 0.76
198825, 173969, 0.76
198915, 190944, 0.76
198822, 172943, 0.76
198856, 177044, 0.76
198822, 122632, 0.76
198790, 190944, 0.76
198904, 165510, 0.76
198867, 166746, 0.76
198904, 162964, 0.76
198802, 135834, 0.75
198784, 194047, 0.75
198875, 142504, 0.75
198784, 156891, 0.75
198784, 141688, 0.75
198807, 18545, 0.75
198766, 192589, 0.75
198815, 165061, 0.75
198757, 126250, 0.75
198796, 18545, 0.75
198761, 194810, 0.75
198739, 126250, 0.75
198769, 180778, 0.75
198802, 110464, 0.75
198821, 137382, 0.75
198830, 17771, 0.75
198784, 190833, 0.75
198883, 116930, 0.75
198824, 111169, 0.75
198831, 128763, 0.75
198785, 103380, 0.75
198805, 129923, 0.75
198719, 151712, 0.75
198776, 164002, 0.75
198784, 17607, 0.75
198869, 104837, 0.75
198784, 166878, 0.75
198833, 198300, 0.75
198784, 10990, 0.75
198907, 192589, 0.75
198744, 125749, 0.75
198883, 131079, 0.75
198856, 134352, 0.74
198785, 108590, 0.74
198856, 183391, 0.74
198883, 121628, 0.74
198866, 112403, 0.74
198769, 173415, 0.74
198818, 192908, 0.74
198785, 166746, 0.74
198742, 116652, 0.74
198883, 112899, 0.74
198769, 146471, 0.74
198879, 101305, 0.74
198856, 19043, 0.74
198759, 188980, 0.74
198756, 164187, 0.74
198856, 181479, 0.74
198909, 194652, 0.74
198745, 188980, 0.74
198824, 13164, 0.74
198737, 156043, 0.73
198784, 141149, 0.73
198856, 103847, 0.73
198879, 10434, 0.73
198883, 19673, 0.73
198782, 105523, 0.73
198883, 155512, 0.73
198776, 140085, 0.73
198784, 119067, 0.73
198737, 188067, 0.73
198836, 105523, 0.73
198824, 130769, 0.73
198725, 132292, 0.73
198883, 188343, 0.73
198744, 184106, 0.73
198725, 194604, 0.73
198829, 118029, 0.72
198718, 193217, 0.72
198879, 105706, 0.72
198866, 105239, 0.72
198901, 177969, 0.72
198884, 188556, 0.72
198810, 17265, 0.72
198718, 193219, 0.72
198737, 100923, 0.72
198802, 158553, 0.72
198775, 194350, 0.72
198789, 141267, 0.72
198860, 198627, 0.72
198829, 118028, 0.72
198789, 145987, 0.72
198789, 184033, 0.72
198784, 140938, 0.72
198879, 104828, 0.72
198718, 193218, 0.72
198879, 19154, 0.72
198776, 101878, 0.72
198789, 171526, 0.72
198901, 121881, 0.72
198756, 140356, 0.72
198883, 168447, 0.72
198761, 137750, 0.72
198789, 152953, 0.71
198784, 169966, 0.71
198909, 192495, 0.71
198745, 192255, 0.71
198832, 109376, 0.71
198875, 142165, 0.71
198752, 190890, 0.71
198810, 156452, 0.71
198901, 155515, 0.71
198832, 109377, 0.71
198866, 144780, 0.71
198756, 113693, 0.71
198879, 161170, 0.71
198802, 159560, 0.71
198883, 104585, 0.71
198761, 192768, 0.71
198784, 161880, 0.71
198786, 102504, 0.71
198776, 122285, 0.71
198784, 108039, 0.71
198856, 155247, 0.71
198732, 107086, 0.71
198759, 192255, 0.71
198805, 136719, 0.71
198744, 159540, 0.71
198870, 149782, 0.71
198742, 194382, 0.71
198883, 150047, 0.71
198856, 144524, 0.71
198789, 155187, 0.7
198883, 103265, 0.7
198744, 163274, 0.7
198807, 127191, 0.7
198769, 188144, 0.7
198844, 151712, 0.7
198718, 126069, 0.7
198901, 114060, 0.7
198776, 198409, 0.7
198773, 191389, 0.7
198756, 125221, 0.7
198769, 142575, 0.7
198851, 116939, 0.7
198791, 192296, 0.7
198763, 116143, 0.7
198805, 112641, 0.7
198879, 13180, 0.7
198901, 146986, 0.7
198883, 170836, 0.7
198776, 136007, 0.7
198725, 189128, 0.7
198829, 125137, 0.7
198907, 112302, 0.7
198755, 104103, 0.7
198776, 161386, 0.7
198796, 127191, 0.7
198770, 104103, 0.7
198789, 146373, 0.7
198769, 107052, 0.7
198856, 103962, 0.7
198805, 108148, 0.7
198776, 157304, 0.7
198789, 174368, 0.7
198766, 112302, 0.7
198846, 157347, 0.7
198775, 188943, 0.7
198829, 125136, 0.7
198883, 148605, 0.69
198805, 100202, 0.69
198755, 150965, 0.69
198737, 170109, 0.69
198755, 132190, 0.69
198737, 186145, 0.69
198851, 122080, 0.69
198732, 157704, 0.69
198879, 102030, 0.69
198825, 142871, 0.69
198782, 107750, 0.69
198770, 132190, 0.69
198856, 152285, 0.69
198775, 154989, 0.69
198732, 157703, 0.69
198723, 192744, 0.69
198836, 107750, 0.69
198883, 156568, 0.69
198770, 150965, 0.69
198769, 1950, 0.69
198776, 162229, 0.69
198805, 1450, 0.69
198804, 192296, 0.69
198883, 166569, 0.69
198883, 17341, 0.69
198824, 16460, 0.69
198789, 17167, 0.69
198737, 143369, 0.69
198887, 128569, 0.69
198879, 154333, 0.69
198726, 181037, 0.69
198856, 104928, 0.68
198883, 159611, 0.68
198883, 167600, 0.68
198744, 192293, 0.68
198755, 14910, 0.68
198904, 16929, 0.68
198784, 194609, 0.68
198796, 13179, 0.68
198821, 101305, 0.68
198789, 15663, 0.68
198796, 156329, 0.68
198770, 14910, 0.68
198769, 137503, 0.68
198856, 161353, 0.68
198725, 194708, 0.68
198755, 100505, 0.68
198773, 19257, 0.68
198825, 12216, 0.68
198807, 156329, 0.68
198883, 12875, 0.68
198915, 15527, 0.68
198866, 108313, 0.68
198883, 146827, 0.68
198773, 19258, 0.68
198904, 167045, 0.68
198773, 140153, 0.68
198883, 14606, 0.68
198789, 134821, 0.68
198784, 114502, 0.68
198757, 110916, 0.68
198776, 106285, 0.68
198805, 178880, 0.68
198776, 140404, 0.68
198856, 183740, 0.68
198789, 137761, 0.68
198739, 110916, 0.68
198856, 167253, 0.68
198807, 109777, 0.68
198874, 192354, 0.68
198832, 132637, 0.68
198875, 176306, 0.68
198786, 148686, 0.68
198918, 197275, 0.68
198744, 156251, 0.68
198770, 100505, 0.68
198790, 15527, 0.68
198814, 197275, 0.68
198807, 13179, 0.68
198796, 109777, 0.68
198856, 127359, 0.68
198773, 140154, 0.68
198725, 194709, 0.68
198737, 133691, 0.67
198737, 182226, 0.67
198784, 175191, 0.67
198717, 102925, 0.67
198786, 184951, 0.67
198836, 135811, 0.67
198821, 167565, 0.67
198879, 119697, 0.67
198807, 186810, 0.67
198807, 12565, 0.67
198814, 18241, 0.67
198805, 114332, 0.67
198786, 153005, 0.67
198918, 18241, 0.67
198775, 176772, 0.67
198796, 186810, 0.67
198769, 15624, 0.67
198765, 161867, 0.67
198769, 18692, 0.67
198828, 102925, 0.67
198875, 146850, 0.67
198902, 161867, 0.67
198805, 10366, 0.67
198856, 113920, 0.67
198870, 159590, 0.67
198879, 173881, 0.67
198883, 142001, 0.67
198782, 135811, 0.67
198732, 196142, 0.67
198796, 12565, 0.67
198776, 172061, 0.67
198760, 102925, 0.67
198879, 102826, 0.67
198866, 101589, 0.67
198718, 193202, 0.67
198737, 196123, 0.67
198789, 122146, 0.66
198784, 133741, 0.66
198807, 164258, 0.66
198784, 134364, 0.66
198887, 124948, 0.66
198769, 127990, 0.66
198919, 133096, 0.66
198796, 164258, 0.66
198723, 142927, 0.66
198821, 14909, 0.66
198718, 190922, 0.66
198919, 133097, 0.66
198835, 160458, 0.66
198746, 193608, 0.66
198737, 113800, 0.66
198807, 123947, 0.66
198780, 195135, 0.66
198866, 19066, 0.66
198769, 180603, 0.66
198737, 101099, 0.66
198856, 181985, 0.66
198808, 152763, 0.66
198737, 162082, 0.66
198879, 174209, 0.66
198737, 10254, 0.66
198718, 191370, 0.66
198796, 123947, 0.66
198769, 166083, 0.66
198803, 193608, 0.66
198786, 152558, 0.66
198744, 145074, 0.66
198784, 113770, 0.66
198822, 186951, 0.66
198789, 158738, 0.66
198824, 169785, 0.66
198887, 124947, 0.66
198876, 192289, 0.65
198737, 130615, 0.65
198829, 122080, 0.65
198737, 103457, 0.65
198713, 166024, 0.65
198744, 181991, 0.65
198810, 113760, 0.65
198786, 148830, 0.65
198797, 197183, 0.65
198832, 138502, 0.65
198805, 185198, 0.65
198784, 159255, 0.65
198753, 133607, 0.65
198825, 158797, 0.65
198887, 185333, 0.65
198832, 138503, 0.65
198775, 136627, 0.65
198737, 11989, 0.65
198845, 171976, 0.65
198749, 144322, 0.65
198856, 172817, 0.65
198883, 133270, 0.65
198744, 139192, 0.65
198810, 102360, 0.65
198749, 144323, 0.65
198757, 134385, 0.65
198739, 134385, 0.65
198737, 129857, 0.65
198881, 12497, 0.65
198825, 129969, 0.65
198814, 154944, 0.65
198744, 119657, 0.65
198761, 119273, 0.65
198715, 127306, 0.65
198883, 156999, 0.65
198826, 171976, 0.65
198784, 137343, 0.65
198840, 133607, 0.65
198874, 132272, 0.65
198883, 100443, 0.65
198775, 101983, 0.65
198737, 170256, 0.65
198883, 138704, 0.65
198784, 137342, 0.65
198749, 144321, 0.65
198905, 197183, 0.65
198813, 127306, 0.65
198823, 112914, 0.65
198918, 154944, 0.65
198723, 193754, 0.64
198789, 154128, 0.64
198883, 154048, 0.64
198737, 145515, 0.64
198825, 138770, 0.64
198723, 148927, 0.64
198821, 154362, 0.64
198776, 132685, 0.64
198789, 12892, 0.64
198756, 126280, 0.64
198905, 193218, 0.64
198842, 132685, 0.64
198797, 193218, 0.64
198796, 171592, 0.64
198905, 193219, 0.64
198824, 178078, 0.64
198773, 138757, 0.64
198723, 195770, 0.64
198879, 172559, 0.64
198805, 119237, 0.64
198810, 149512, 0.64
198737, 162569, 0.64
198805, 114923, 0.64
198786, 185693, 0.64
198744, 103048, 0.64
198802, 135883, 0.64
198797, 193217, 0.64
198883, 113149, 0.64
198789, 106999, 0.64
198807, 171592, 0.64
198773, 138758, 0.64
198797, 193219, 0.64
198825, 174407, 0.64
198883, 125487, 0.64
198786, 150510, 0.64
198744, 124034, 0.64
198823, 112291, 0.64
198887, 169253, 0.64
198789, 105706, 0.64
198879, 160147, 0.64
198789, 103858, 0.64
198784, 164936, 0.64
198829, 139497, 0.64
198761, 196740, 0.64
198784, 164935, 0.64
198905, 193217, 0.64
198882, 114881, 0.64
198909, 183454, 0.64
198737, 119656, 0.63
198905, 196884, 0.63
198789, 178962, 0.63
198784, 13094, 0.63
198866, 180594, 0.63
198797, 196884, 0.63
198789, 124400, 0.63
198883, 182143, 0.63
198771, 197914, 0.63
198821, 119697, 0.63
198863, 117174, 0.63
198809, 1532, 0.63
198725, 194605, 0.63
198879, 184753, 0.63
198905, 192308, 0.63
198866, 103184, 0.63
198827, 182556, 0.63
198832, 154059, 0.63
198773, 153737, 0.63
198807, 113868, 0.63
198766, 185518, 0.63
198789, 179076, 0.63
198737, 161314, 0.63
198853, 16286, 0.63
198875, 1523, 0.63
198856, 156910, 0.63
198773, 153738, 0.63
198796, 113868, 0.63
198907, 185518, 0.63
198825, 185333, 0.63
198863, 155677, 0.63
198829, 185085, 0.63
198832, 154060, 0.63
198853, 194166, 0.63
198796, 113869, 0.63
198807, 113869, 0.63
198737, 135200, 0.63
198858, 183138, 0.63
198883, 146056, 0.63
198797, 192308, 0.63
198786, 187197, 0.62
198723, 191081, 0.62
198887, 1605, 0.62
198845, 197926, 0.62
198825, 1605, 0.62
198797, 126069, 0.62
198853, 18523, 0.62
198737, 120660, 0.62
198744, 166627, 0.62
198845, 197927, 0.62
198770, 159708, 0.62
198749, 198176, 0.62
198723, 190226, 0.62
198755, 159708, 0.62
198883, 111792, 0.62
198888, 110644, 0.62
198845, 161472, 0.62
198826, 161472, 0.62
198718, 192241, 0.62
198718, 143445, 0.62
198863, 134286, 0.62
198786, 146994, 0.62
198918, 143522, 0.62
198902, 14475, 0.62
198826, 197926, 0.62
198761, 196314, 0.62
198825, 132063, 0.62
198826, 155890, 0.62
198882, 121938, 0.62
198879, 114165, 0.62
198845, 155890, 0.62
198723, 103127, 0.62
198744, 185663, 0.62
198763, 160393, 0.62
198737, 15373, 0.62
198789, 156391, 0.62
198744, 101661, 0.62
198856, 130823, 0.62
198897, 195173, 0.62
198789, 116204, 0.62
198773, 112417, 0.62
198826, 197927, 0.62
198875, 107490, 0.62
198761, 192769, 0.62
198887, 124594, 0.62
198901, 166373, 0.62
198825, 142649, 0.62
198761, 196313, 0.62
198814, 143522, 0.62
198773, 185919, 0.62
198773, 185918, 0.62
198786, 130791, 0.62
198765, 14475, 0.62
198744, 176211, 0.62
198856, 109438, 0.62
198905, 126069, 0.62
198825, 132062, 0.62
198789, 170829, 0.61
198815, 149357, 0.61
198718, 191768, 0.61
198737, 168827, 0.61
198831, 182302, 0.61
198879, 137382, 0.61
198723, 196719, 0.61
198859, 159198, 0.61
198827, 132679, 0.61
198913, 159198, 0.61
198807, 127397, 0.61
198756, 115115, 0.61
198853, 174376, 0.61
198911, 185427, 0.61
198879, 146187, 0.61
198856, 158824, 0.61
198832, 104188, 0.61
198789, 17283, 0.61
198789, 185306, 0.61
198856, 186535, 0.61
198780, 12281, 0.61
198763, 112803, 0.61
198772, 185427, 0.61
198789, 170426, 0.61
198797, 105010, 0.61
198883, 124440, 0.61
198905, 105010, 0.61
198858, 108277, 0.61
198744, 146800, 0.61
198835, 143261, 0.61
198796, 127397, 0.61
198784, 186430, 0.61
198815, 151058, 0.61
198832, 104187, 0.61
198853, 162017, 0.61
198851, 115409, 0.61
198882, 133195, 0.61
198773, 132883, 0.61
198842, 140085, 0.61
198784, 156570, 0.61
198789, 102431, 0.61
198737, 112084, 0.61
198856, 156519, 0.61
198856, 158736, 0.61
198815, 169443, 0.61
198784, 183182, 0.61
198773, 133038, 0.61
198826, 143010, 0.61
198779, 196307, 0.61
198789, 155275, 0.61
198821, 109487, 0.61
198773, 132884, 0.61
198744, 178256, 0.61
198737, 108283, 0.61
198723, 193465, 0.61
198782, 131660, 0.61
198821, 11479, 0.61
198744, 181248, 0.61
198789, 129146, 0.61
198845, 143010, 0.61
198789, 155426, 0.61
198737, 143397, 0.61
198836, 131660, 0.61
198805, 185558, 0.6
198853, 179456, 0.6
198883, 141898, 0.6
198845, 119876, 0.6
198723, 155508, 0.6
198844, 123708, 0.6
198723, 191028, 0.6
198763, 163588, 0.6
198828, 106907, 0.6
198757, 137757, 0.6
198826, 119876, 0.6
198827, 149309, 0.6
198902, 148088, 0.6
198717, 106907, 0.6
198807, 140245, 0.6
198796, 140245, 0.6
198723, 189114, 0.6
198863, 178657, 0.6
198737, 120381, 0.6
198887, 174407, 0.6
198765, 148088, 0.6
198853, 108672, 0.6
198821, 10434, 0.6
198887, 136606, 0.6
198757, 155749, 0.6
198786, 126030, 0.6
198805, 126686, 0.6
198782, 165774, 0.6
198797, 193202, 0.6
198780, 145397, 0.6
198856, 16686, 0.6
198863, 182352, 0.6
198744, 139092, 0.6
198739, 155749, 0.6
198825, 174072, 0.6
198789, 185464, 0.6
198836, 165774, 0.6
198786, 182075, 0.6
198718, 11665, 0.6
198760, 106907, 0.6
198739, 137757, 0.6
198723, 194631, 0.6
198837, 106907, 0.6
198853, 177714, 0.6
198869, 102580, 0.6
198905, 193202, 0.6
198761, 159606, 0.6
198723, 193408, 0.6
198737, 18266, 0.6
198744, 140926, 0.6
198729, 106907, 0.6
198856, 129670, 0.59
198737, 180119, 0.59
198826, 152182, 0.59
198744, 154961, 0.59
198845, 152182, 0.59
198866, 135068, 0.59
198770, 156214, 0.59
198825, 124948, 0.59
198866, 14034, 0.59
198780, 176591, 0.59
198876, 133179, 0.59
198905, 190922, 0.59
198763, 142403, 0.59
198737, 150272, 0.59
198786, 160481, 0.59
198907, 159830, 0.59
198844, 121786, 0.59
198776, 106156, 0.59
198755, 156214, 0.59
198807, 140908, 0.59
198909, 148282, 0.59
198825, 124594, 0.59
198786, 148787, 0.59
198808, 147593, 0.59
198744, 194956, 0.59
198773, 198251, 0.59
198737, 153843, 0.59
198773, 198423, 0.59
198737, 183919, 0.59
198879, 149512, 0.59
198826, 111464, 0.59
198804, 175440, 0.59
198786, 144032, 0.59
198883, 145394, 0.59
198809, 105018, 0.59
198786, 16394, 0.59
198744, 162345, 0.59
198853, 112796, 0.59
198786, 13790, 0.59
198810, 145234, 0.59
198789, 10764, 0.59
198844, 156508, 0.59
198866, 187802, 0.59
198786, 147240, 0.59
198766, 159830, 0.59
198882, 122681, 0.59
198786, 172606, 0.59
198825, 124947, 0.59
198789, 105082, 0.59
198789, 129375, 0.59
198765, 163560, 0.59
198826, 179367, 0.59
198904, 126772, 0.59
198732, 172183, 0.59
198845, 179367, 0.59
198902, 163560, 0.59
198786, 108266, 0.59
198842, 122285, 0.59
198883, 103777, 0.59
198796, 140908, 0.59
198744, 13965, 0.59
198845, 184821, 0.59
198905, 191370, 0.59
198826, 184821, 0.59
198797, 190922, 0.59
198821, 114165, 0.59
198797, 191370, 0.59
198789, 185905, 0.59
198863, 146529, 0.59
198896, 115010, 0.59
198883, 182033, 0.59
198887, 184568, 0.59
198845, 111464, 0.59
198732, 129508, 0.59
198720, 144322, 0.58
198744, 139672, 0.58
198856, 113535, 0.58
198855, 192669, 0.58
198856, 155882, 0.58
198786, 153070, 0.58
198883, 110935, 0.58
198755, 118475, 0.58
198765, 123952, 0.58
198918, 16403, 0.58
198807, 125200, 0.58
198737, 166933, 0.58
198786, 183679, 0.58
198865, 144322, 0.58
198739, 180340, 0.58
198887, 156171, 0.58
198770, 113014, 0.58
198821, 173835, 0.58
198845, 146624, 0.58
198731, 102106, 0.58
198887, 129969, 0.58
198878, 144323, 0.58
198883, 107285, 0.58
198814, 173770, 0.58
198789, 138740, 0.58
198875, 181673, 0.58
198786, 11700, 0.58
198755, 113014, 0.58
198786, 135889, 0.58
198737, 114945, 0.58
198713, 179349, 0.58
198869, 183361, 0.58
198757, 149006, 0.58
198796, 125200, 0.58
198769, 167999, 0.58
198869, 14165, 0.58
198902, 123952, 0.58
198842, 116107, 0.58
198865, 144321, 0.58
198720, 144323, 0.58
198784, 106539, 0.58
198870, 167861, 0.58
198786, 162648, 0.58
198878, 144321, 0.58
198887, 158797, 0.58
198918, 15258, 0.58
198786, 120743, 0.58
198791, 175440, 0.58
198904, 173585, 0.58
198856, 113703, 0.58
198786, 163479, 0.58
198770, 118475, 0.58
198827, 151259, 0.58
198853, 132264, 0.58
198809, 126904, 0.58
198821, 148733, 0.58
198883, 100361, 0.58
198869, 159170, 0.58
198784, 144487, 0.58
198776, 174192, 0.58
198814, 15258, 0.58
198784, 196219, 0.58
198784, 107846, 0.58
198759, 192495, 0.58
198784, 174049, 0.58
198786, 138515, 0.58
198786, 168473, 0.58
198776, 174207, 0.58
198744, 115071, 0.58
198776, 149268, 0.58
198826, 146624, 0.58
198856, 140858, 0.58
198757, 180340, 0.58
198878, 144322, 0.58
198739, 149006, 0.58
198738, 102106, 0.58
198745, 192495, 0.58
198821, 121948, 0.58
198822, 197863, 0.58
198865, 144323, 0.58
198814, 16403, 0.58
198720, 144321, 0.58
198789, 143379, 0.58
198725, 159446, 0.58
198858, 104199, 0.58
198744, 163247, 0.58
198756, 104678, 0.58
198718, 115965, 0.58
198848, 192669, 0.58
198918, 173770, 0.58
198826, 138965, 0.57
198791, 142253, 0.57
198780, 146679, 0.57
198856, 10336, 0.57
198786, 158036, 0.57
198737, 134346, 0.57
198845, 138965, 0.57
198863, 103022, 0.57
198823, 191778, 0.57
198790, 192367, 0.57
198882, 182752, 0.57
198776, 137208, 0.57
198763, 1278, 0.57
198845, 147411, 0.57
198826, 147411, 0.57
198725, 124962, 0.57
198831, 147451, 0.57
198866, 167592, 0.57
198804, 188340, 0.57
198887, 152878, 0.57
198737, 134347, 0.57
198725, 167804, 0.57
198737, 12689, 0.57
198869, 134625, 0.57
198782, 130604, 0.57
198905, 161916, 0.57
198836, 130604, 0.57
198807, 111378, 0.57
198713, 173412, 0.57
198845, 176457, 0.57
198887, 100199, 0.57
198826, 176457, 0.57
198786, 130412, 0.57
198856, 164037, 0.57
198918, 154855, 0.57
198796, 111378, 0.57
198744, 158965, 0.57
198856, 112181, 0.57
198718, 140083, 0.57
198879, 165544, 0.57
198786, 139364, 0.57
198879, 145607, 0.57
198824, 132370, 0.57
198856, 171941, 0.57
198826, 198079, 0.57
198737, 172425, 0.57
198786, 181021, 0.57
198821, 160090, 0.57
198826, 198662, 0.57
198744, 101546, 0.57
198786, 121312, 0.57
198784, 164714, 0.57
198784, 126601, 0.57
198842, 164002, 0.57
198786, 148597, 0.57
198786, 122478, 0.57
198814, 154855, 0.57
198786, 138866, 0.57
198797, 161916, 0.57
198749, 193976, 0.57
198845, 198662, 0.57
198867, 114455, 0.57
198915, 192367, 0.57
198845, 198079, 0.57
198856, 136709, 0.57
198786, 133655, 0.57
198749, 193858, 0.57
198723, 140212, 0.57
198776, 133610, 0.57
198870, 155138, 0.57
198749, 100392, 0.57
198858, 119283, 0.57
198769, 102160, 0.57
198744, 171617, 0.57
198863, 121603, 0.57
198749, 191007, 0.57
198848, 106118, 0.56
198723, 190169, 0.56
198782, 106346, 0.56
198724, 138467, 0.56
198870, 168889, 0.56
198853, 198306, 0.56
198749, 10658, 0.56
198824, 160402, 0.56
198789, 122184, 0.56
198879, 148292, 0.56
198823, 189695, 0.56
198786, 136188, 0.56
198725, 137739, 0.56
198737, 183526, 0.56
198824, 17212, 0.56
198826, 126194, 0.56
198856, 125836, 0.56
198821, 104828, 0.56
198763, 179798, 0.56
198812, 155134, 0.56
198836, 106346, 0.56
198713, 100724, 0.56
198882, 119636, 0.56
198773, 10620, 0.56
198782, 100167, 0.56
198845, 126192, 0.56
198905, 192241, 0.56
198804, 171274, 0.56
198887, 138770, 0.56
198744, 154114, 0.56
198863, 19549, 0.56
198810, 143355, 0.56
198805, 108699, 0.56
198883, 129160, 0.56
198855, 106118, 0.56
198723, 191027, 0.56
198836, 100167, 0.56
198845, 126193, 0.56
198796, 133137, 0.56
198826, 142232, 0.56
198784, 135348, 0.56
198909, 192255, 0.56
198858, 108923, 0.56
198826, 134264, 0.56
198749, 106672, 0.56
198764, 148927, 0.56
198773, 194932, 0.56
198883, 124350, 0.56
198725, 15343, 0.56
198807, 133137, 0.56
198869, 126580, 0.56
198825, 106127, 0.56
198825, 138559, 0.56
198789, 169714, 0.56
198786, 180263, 0.56
198877, 119283, 0.56
198784, 157710, 0.56
198824, 148370, 0.56
198804, 187090, 0.56
198826, 126193, 0.56
198896, 190782, 0.56
198782, 180262, 0.56
198826, 126192, 0.56
198845, 142232, 0.56
198786, 180675, 0.56
198853, 106198, 0.56
198825, 110735, 0.56
198776, 157697, 0.56
198786, 180308, 0.56
198845, 126194, 0.56
198786, 162575, 0.56
198832, 103607, 0.56
198744, 16299, 0.56
198845, 134264, 0.56
198856, 137597, 0.56
198836, 180262, 0.56
198719, 123708, 0.56
198821, 125094, 0.56
198789, 122177, 0.56
198789, 143966, 0.56
198758, 110628, 0.56
198823, 106281, 0.56
198887, 110735, 0.56
198789, 19842, 0.56
198797, 192241, 0.56
198723, 190223, 0.56
198883, 169578, 0.56
198804, 142253, 0.56
198769, 164470, 0.56
198786, 156596, 0.55
198853, 150112, 0.55
198845, 14587, 0.55
198718, 191602, 0.55
198786, 141148, 0.55
198814, 120059, 0.55
198824, 181905, 0.55
198851, 106956, 0.55
198749, 103484, 0.55
198842, 181128, 0.55
198882, 185456, 0.55
198749, 103486, 0.55
198807, 10294, 0.55
198763, 139394, 0.55
198909, 133176, 0.55
198737, 185388, 0.55
198826, 152353, 0.55
198786, 113293, 0.55
198786, 150036, 0.55
198866, 177896, 0.55
198786, 144526, 0.55
198786, 123175, 0.55
198879, 122184, 0.55
198789, 173623, 0.55
198850, 180033, 0.55
198725, 108226, 0.55
198737, 148488, 0.55
198786, 164306, 0.55
198796, 10294, 0.55
198780, 127673, 0.55
198879, 154362, 0.55
198856, 173874, 0.55
198823, 130229, 0.55
198882, 156508, 0.55
198853, 110321, 0.55
198848, 157441, 0.55
198723, 194565, 0.55
198874, 129286, 0.55
198879, 14909, 0.55
198749, 192318, 0.55
198786, 107950, 0.55
198825, 140682, 0.55
198749, 103485, 0.55
198749, 193761, 0.55
198789, 146418, 0.55
198786, 142457, 0.55
198769, 174654, 0.55
198810, 184080, 0.55
198744, 194953, 0.55
198883, 116729, 0.55
198909, 154317, 0.55
198791, 171274, 0.55
198791, 187090, 0.55
198874, 129287, 0.55
198780, 127672, 0.55
198737, 13930, 0.55
198784, 197477, 0.55
198853, 179442, 0.55
198821, 11539, 0.55
198718, 193617, 0.55
198825, 116534, 0.55
198786, 160697, 0.55
198842, 101878, 0.55
198879, 102315, 0.55
198823, 121650, 0.55
198765, 154294, 0.55
198804, 124089, 0.55
198870, 158996, 0.55
198805, 165399, 0.55
198866, 105547, 0.55
198791, 188340, 0.55
198829, 165333, 0.55
198888, 159329, 0.55
198725, 189552, 0.55
198744, 176469, 0.55
198764, 103127, 0.55
198723, 191091, 0.55
198825, 100199, 0.55
198804, 146264, 0.55
198845, 152353, 0.55
198810, 107019, 0.55
198786, 131293, 0.55
198786, 120036, 0.55
198742, 136408, 0.55
198749, 192996, 0.55
198902, 154294, 0.55
198769, 140698, 0.55
198909, 133175, 0.55
198786, 125879, 0.55
198718, 182353, 0.55
198855, 157441, 0.55
198784, 197478, 0.55
198737, 126240, 0.55
198904, 167726, 0.55
198821, 157279, 0.55
198882, 133864, 0.55
198826, 14587, 0.55
198725, 109521, 0.55
198918, 120059, 0.55
198744, 121652, 0.55
198827, 107724, 0.54
198909, 134943, 0.54
198791, 146264, 0.54
198842, 161386, 0.54
198766, 101501, 0.54
198769, 157758, 0.54
198744, 174408, 0.54
198737, 124074, 0.54
198870, 130755, 0.54
198829, 1502, 0.54
198879, 196795, 0.54
198776, 187837, 0.54
198745, 194652, 0.54
198738, 162843, 0.54
198786, 156126, 0.54
198825, 184568, 0.54
198856, 148076, 0.54
198853, 118672, 0.54
198761, 11863, 0.54
198789, 174234, 0.54
198918, 113219, 0.54
198810, 115275, 0.54
198732, 111096, 0.54
198825, 154365, 0.54
198797, 184859, 0.54
198814, 164036, 0.54
198789, 176065, 0.54
198887, 142649, 0.54
198877, 108277, 0.54
198770, 138158, 0.54
198719, 129969, 0.54
198918, 164036, 0.54
198786, 173867, 0.54
198804, 101408, 0.54
198853, 147441, 0.54
198853, 160748, 0.54
198737, 149918, 0.54
198744, 162049, 0.54
198759, 194652, 0.54
198786, 120696, 0.54
198824, 100356, 0.54
198786, 102195, 0.54
198823, 11956, 0.54
198856, 181883, 0.54
198884, 158858, 0.54
198883, 108577, 0.54
198732, 169449, 0.54
198905, 11665, 0.54
198815, 124845, 0.54
198797, 11665, 0.54
198814, 113219, 0.54
198737, 188115, 0.54
198853, 148710, 0.54
198810, 101926, 0.54
198755, 138158, 0.54
198789, 146849, 0.54
198887, 154162, 0.54
198744, 121092, 0.54
198882, 167272, 0.54
198744, 169580, 0.54
198737, 111612, 0.54
198835, 170601, 0.54
198853, 172106, 0.54
198909, 168277, 0.54
198797, 191768, 0.54
198804, 172084, 0.54
198805, 116966, 0.54
198744, 193281, 0.54
198883, 147569, 0.54
198810, 159304, 0.54
198863, 163653, 0.54
198737, 101966, 0.54
198905, 184859, 0.54
198823, 184141, 0.54
198904, 116934, 0.54
198851, 188620, 0.54
198853, 197939, 0.54
198791, 124089, 0.54
198823, 123367, 0.54
198737, 101385, 0.54
198821, 187256, 0.54
198842, 136007, 0.54
198718, 198359, 0.54
198869, 141065, 0.54
198732, 179511, 0.54
198775, 127506, 0.54
198842, 157697, 0.54
198879, 15624, 0.54
198732, 100630, 0.54
198737, 188114, 0.54
198744, 136780, 0.54
198786, 17120, 0.54
198749, 108634, 0.54
198789, 100927, 0.54
198804, 172085, 0.54
198821, 143379, 0.54
198882, 149471, 0.54
198887, 173969, 0.54
198731, 162843, 0.54
198907, 101501, 0.54
198876, 118416, 0.54
198718, 179315, 0.54
198737, 168869, 0.54
198822, 196018, 0.54
198773, 130825, 0.54
198810, 126435, 0.54
198870, 167974, 0.54
198905, 191768, 0.54
198823, 140284, 0.53
198759, 144568, 0.53
198755, 103587, 0.53
198784, 191472, 0.53
198784, 191087, 0.53
198821, 177446, 0.53
198737, 12820, 0.53
198887, 174072, 0.53
198784, 143057, 0.53
198757, 165207, 0.53
198808, 152294, 0.53
198823, 124215, 0.53
198856, 125943, 0.53
198836, 156526, 0.53
198842, 162229, 0.53
198713, 159549, 0.53
198731, 144435, 0.53
198876, 106556, 0.53
198789, 178573, 0.53
198773, 194014, 0.53
198856, 162913, 0.53
198739, 165207, 0.53
198745, 144568, 0.53
198786, 115821, 0.53
198823, 122279, 0.53
198842, 176978, 0.53
198904, 102284, 0.53
198869, 130681, 0.53
198786, 101037, 0.53
198725, 129942, 0.53
198842, 157903, 0.53
198856, 18430, 0.53
198769, 104828, 0.53
198786, 145417, 0.53
198786, 184350, 0.53
198789, 181195, 0.53
198738, 144435, 0.53
198782, 156526, 0.53
198887, 133566, 0.53
198856, 152471, 0.53
198821, 174927, 0.53
198869, 151656, 0.53
198887, 142871, 0.53
198836, 144309, 0.53
198882, 151320, 0.53
198910, 169662, 0.53
198786, 104384, 0.53
198776, 183136, 0.53
198879, 12426, 0.53
198782, 144309, 0.53
198851, 145766, 0.53
198882, 128186, 0.53
198821, 105966, 0.53
198718, 15822, 0.53
198814, 138441, 0.53
198876, 117647, 0.53
198724, 100594, 0.53
198853, 147644, 0.53
198786, 180010, 0.53
198836, 144308, 0.53
198844, 129969, 0.53
198918, 138441, 0.53
198805, 138447, 0.53
198770, 103587, 0.53
198791, 172084, 0.53
198904, 152131, 0.53
198909, 11673, 0.53
198789, 173600, 0.53
198823, 143529, 0.53
198797, 115965, 0.53
198842, 106156, 0.53
198737, 144896, 0.53
198742, 163258, 0.53
198773, 197828, 0.53
198784, 194596, 0.53
198749, 192249, 0.53
198810, 149490, 0.53
198782, 144308, 0.53
198835, 134970, 0.53
198883, 172061, 0.53
198786, 119407, 0.53
198823, 158889, 0.53
198856, 119061, 0.53
198719, 160394, 0.53
198818, 192909, 0.53
198884, 129368, 0.53
198780, 182775, 0.53
198791, 101408, 0.53
198905, 115965, 0.53
198863, 158211, 0.53
198805, 11968, 0.53
198732, 194059, 0.53
198744, 175821, 0.53
198791, 172085, 0.53
198823, 125702, 0.53
198856, 170137, 0.53
198741, 114455, 0.52
198879, 158889, 0.52
198856, 114114, 0.52
198759, 197788, 0.52
198863, 113023, 0.52
198754, 144257, 0.52
198887, 12216, 0.52
198821, 145607, 0.52
198718, 111718, 0.52
198821, 125680, 0.52
198905, 17787, 0.52
198814, 118613, 0.52
198789, 130100, 0.52
198739, 155173, 0.52
198773, 110476, 0.52
198744, 114467, 0.52
198851, 11890, 0.52
198821, 125013, 0.52
198868, 176330, 0.52
198869, 131866, 0.52
198771, 189271, 0.52
198789, 14687, 0.52
198824, 140381, 0.52
198788, 143517, 0.52
198713, 104451, 0.52
198786, 139735, 0.52
198876, 146164, 0.52
198737, 10888, 0.52
198769, 160147, 0.52
198823, 16428, 0.52
198769, 124664, 0.52
198866, 151222, 0.52
198810, 168844, 0.52
198744, 19864, 0.52
198773, 129512, 0.52
198773, 129511, 0.52
198786, 131411, 0.52
198786, 12507, 0.52
198821, 153338, 0.52
198856, 187814, 0.52
198776, 156880, 0.52
198869, 11563, 0.52
198879, 113194, 0.52
198789, 11866, 0.52
198848, 109033, 0.52
198835, 171641, 0.52
198789, 134382, 0.52
198879, 190704, 0.52
198821, 188395, 0.52
198869, 194957, 0.52
198909, 19334, 0.52
198744, 166962, 0.52
198855, 109033, 0.52
198879, 140531, 0.52
198844, 111262, 0.52
198784, 167140, 0.52
198810, 145607, 0.52
198821, 109534, 0.52
198784, 126442, 0.52
198823, 139135, 0.52
198823, 101687, 0.52
198842, 106285, 0.52
198744, 144908, 0.52
198905, 140083, 0.52
198719, 158797, 0.52
198882, 118834, 0.52
198887, 138559, 0.52
198797, 140083, 0.52
198745, 197788, 0.52
198918, 118613, 0.52
198870, 11775, 0.52
198869, 125908, 0.52
198737, 17619, 0.52
198783, 176331, 0.52
198804, 178542, 0.52
198789, 131387, 0.52
198737, 163012, 0.52
198786, 149697, 0.52
198783, 176330, 0.52
198887, 106127, 0.52
198850, 167944, 0.52
198732, 184411, 0.52
198724, 115010, 0.52
198789, 176673, 0.52
198904, 149906, 0.52
198780, 169609, 0.52
198797, 17787, 0.52
198879, 143529, 0.52
198773, 110477, 0.52
198784, 159507, 0.52
198744, 154926, 0.52
198877, 104199, 0.52
198824, 197545, 0.52
198890, 143517, 0.52
198821, 167108, 0.52
198866, 154489, 0.52
198742, 180997, 0.52
198887, 116534, 0.52
198887, 120682, 0.52
198757, 155173, 0.52
198856, 167698, 0.52
198718, 135637, 0.52
198868, 176331, 0.52
198744, 164034, 0.52
198786, 142477, 0.52
198744, 145578, 0.52
198869, 191418, 0.52
198744, 160879, 0.52
198879, 122480, 0.52
198825, 156171, 0.52
198718, 105010, 0.52
198725, 140630, 0.51
198737, 141986, 0.51
198789, 123866, 0.51
198836, 154563, 0.51
198913, 116486, 0.51
198869, 160162, 0.51
198810, 112148, 0.51
198823, 161342, 0.51
198879, 16428, 0.51
198805, 123353, 0.51
198905, 15658, 0.51
198737, 176028, 0.51
198823, 101084, 0.51
198773, 10076, 0.51
198732, 151978, 0.51
198887, 154365, 0.51
198882, 142483, 0.51
198784, 10127, 0.51
198737, 157223, 0.51
198823, 118643, 0.51
198884, 109046, 0.51
198814, 17535, 0.51
198797, 104840, 0.51
198778, 157667, 0.51
198743, 181790, 0.51
198887, 155552, 0.51
198744, 149116, 0.51
198879, 100774, 0.51
198737, 173924, 0.51
198789, 139574, 0.51
198718, 108209, 0.51
198718, 118166, 0.51
198825, 11052, 0.51
198715, 194935, 0.51
198821, 18296, 0.51
198836, 157726, 0.51
198870, 158445, 0.51
198796, 153060, 0.51
198876, 129737, 0.51
198778, 134058, 0.51
198879, 151634, 0.51
198866, 12279, 0.51
198863, 104288, 0.51
198825, 154162, 0.51
198821, 105647, 0.51
198856, 129809, 0.51
198737, 124807, 0.51
198844, 158797, 0.51
198769, 148292, 0.51
198882, 173070, 0.51
198797, 104885, 0.51
198882, 142448, 0.51
198882, 183348, 0.51
198879, 143379, 0.51
198821, 151377, 0.51
198718, 16598, 0.51
198835, 194465, 0.51
198821, 115171, 0.51
198776, 123664, 0.51
198789, 162584, 0.51
198732, 174333, 0.51
198882, 105401, 0.51
198879, 151633, 0.51
198789, 176278, 0.51
198814, 117602, 0.51
198825, 132019, 0.51
198814, 163811, 0.51
198869, 165809, 0.51
198789, 186665, 0.51
198918, 17535, 0.51
198859, 116486, 0.51
198723, 102715, 0.51
198807, 131254, 0.51
198825, 133566, 0.51
198879, 139135, 0.51
198797, 15658, 0.51
198775, 12434, 0.51
198879, 100773, 0.51
198809, 133814, 0.51
198905, 104840, 0.51
198782, 154563, 0.51
198887, 180487, 0.51
198918, 117602, 0.51
198836, 141748, 0.51
198786, 135803, 0.51
198782, 157726, 0.51
198825, 136606, 0.51
198719, 116754, 0.51
198749, 168095, 0.51
198910, 131137, 0.51
198718, 1044, 0.51
198785, 114455, 0.51
198769, 124058, 0.51
198782, 130320, 0.51
198744, 149648, 0.51
198737, 18080, 0.51
198887, 147852, 0.51
198809, 141637, 0.51
198813, 194935, 0.51
198823, 116635, 0.51
198836, 130320, 0.51
198784, 110078, 0.51
198744, 11485, 0.51
198718, 12677, 0.51
198737, 18425, 0.51
198918, 163811, 0.51
198786, 140872, 0.51
198823, 125093, 0.51
198870, 101734, 0.51
198866, 1341, 0.51
198789, 137360, 0.51
198713, 140840, 0.51
198718, 15537, 0.51
198737, 107986, 0.51
198882, 172631, 0.51
198853, 121489, 0.51
198884, 118305, 0.51
198719, 105128, 0.51
198779, 196293, 0.51
198882, 148987, 0.51
198829, 131612, 0.51
198737, 153965, 0.51
198786, 107992, 0.51
198782, 141748, 0.51
198863, 114299, 0.51
198713, 104158, 0.51
198905, 104885, 0.51
198789, 109858, 0.51
198842, 196427, 0.51
198776, 156999, 0.51
198879, 121948, 0.51
198821, 180580, 0.51
198789, 12025, 0.51
198796, 131254, 0.51
198744, 173228, 0.51
198732, 154897, 0.51
198822, 198494, 0.51
198737, 142919, 0.51
198789, 168081, 0.51
198737, 12641, 0.51
198725, 115457, 0.51
198725, 109134, 0.51
198805, 120172, 0.51
198807, 153060, 0.51
198878, 181790, 0.5
198835, 192385, 0.5
198718, 129865, 0.5
198909, 185993, 0.5
198836, 107382, 0.5
198770, 167967, 0.5
198876, 180389, 0.5
198870, 135232, 0.5
198824, 138636, 0.5
198851, 159682, 0.5
198737, 153359, 0.5
198796, 112159, 0.5
198776, 196695, 0.5
198841, 188149, 0.5
198786, 129074, 0.5
198845, 136522, 0.5
198719, 1605, 0.5
198743, 10871, 0.5
198744, 127536, 0.5
198807, 112159, 0.5
198879, 181579, 0.5
198796, 172424, 0.5
198887, 132019, 0.5
198797, 182353, 0.5
198825, 147852, 0.5
198823, 159932, 0.5
198905, 103510, 0.5
198744, 148324, 0.5
198718, 170202, 0.5
198865, 181790, 0.5
198835, 184359, 0.5
198905, 103509, 0.5
198856, 10003, 0.5
198905, 182353, 0.5
198846, 135212, 0.5
198874, 15220, 0.5
198789, 120943, 0.5
198737, 126928, 0.5
198725, 114018, 0.5
198789, 123549, 0.5
198737, 125370, 0.5
198863, 110180, 0.5
198850, 106738, 0.5
198732, 141532, 0.5
198784, 134003, 0.5
198807, 143565, 0.5
198744, 163439, 0.5
198826, 136522, 0.5
198821, 142855, 0.5
198919, 148251, 0.5
198755, 167967, 0.5
198857, 160473, 0.5
198791, 178542, 0.5
198749, 192250, 0.5
198769, 103594, 0.5
198804, 174037, 0.5
198844, 160394, 0.5
198718, 192835, 0.5
198875, 198123, 0.5
198725, 139217, 0.5
198725, 125057, 0.5
198866, 184052, 0.5
198744, 175980, 0.5
198743, 155005, 0.5
198879, 12761, 0.5
198888, 16808, 0.5
198797, 103509, 0.5
198807, 172424, 0.5
198879, 125094, 0.5
198796, 168550, 0.5
198797, 103510, 0.5
198821, 157721, 0.5
198782, 107382, 0.5
198879, 122657, 0.5
198737, 115785, 0.5
198853, 120718, 0.5
198879, 156995, 0.5
198870, 141227, 0.5
198883, 158708, 0.5
198877, 108923, 0.5
198842, 174192, 0.5
198761, 15924, 0.5
198825, 120682, 0.5
198778, 176237, 0.5
198720, 181790, 0.5
198821, 155965, 0.5
198776, 176685, 0.5
198743, 151579, 0.5
198821, 19154, 0.5
198851, 116754, 0.5
198737, 148484, 0.5
198744, 119141, 0.5
198730, 175759, 0.5
198823, 161170, 0.5
198789, 157553, 0.5
198763, 121463, 0.5
198784, 101750, 0.5
198796, 143565, 0.5
198807, 168550, 0.5
198904, 198687, 0.5
198725, 145209, 0.5
198811, 188149, 0.5
198874, 15221, 0.5
