27, 26
32, 33
48, 47
130, 93
130, 97
130, 141
130, 143
133, 186
141, 122
265, 308
462, 423
476, 296
508, 451
554, 44
558, 472
655, 78
661, 527
676, 313
724, 322
724, 557
742, 571
742, 572
742, 573
764, 578
845, 547
946, 47
946, 54
1015, 583
1059, 127
1189, 114
1193, 353
1199, 191
1200, 191
1201, 191
1244, 313
1253, 573
1260, 756
1308, 756
1371, 385
1371, 455
1382, 82
1484, 115
1538, 721
1609, 715
1619, 186
1648, 97
1708, 479
1716, 870
1738, 216
1768, 503
1773, 702
1776, 882
1794, 583
1835, 756
1875, 353
1876, 308
1935, 870
1972, 202
2031, 503
2093, 841
2139, 66
2190, 969
2200, 60
2299, 65
2349, 47
2406, 735
2494, 784
2517, 9
2517, 202
2544, 281
2578, 730
2594, 1040
2668, 84
2781, 328
2787, 426
2870, 460
3173, 99
3271, 34
3306, 60
3402, 396
3433, 561
3544, 1136
3613, 583
3624, 1141
3651, 756
3675, 870
3706, 688
3718, 313
3779, 60
3844, 784
3851, 472
4007, 947
4016, 66
4023, 472
4040, 374
4132, 277
4228, 947
4234, 426
4350, 813
4400, 1233
4427, 735
4460, 1237
4570, 66
4652, 308
4664, 84
4664, 86
4664, 756
4689, 189
4708, 480
4776, 757
4788, 953
4803, 296
4846, 308
4864, 216
5024, 1309
5030, 66
5058, 1311
5098, 1313
5105, 100
5105, 340
5105, 714
5115, 653
5177, 44
5205, 1320
5251, 1329
5273, 308
5322, 463
5366, 53
5366, 313
5370, 688
5443, 439
5487, 353
5518, 8
5569, 715
5650, 317
5689, 8
5690, 730
5724, 66
5753, 573
5811, 21
5811, 373
5811, 583
6075, 397
6075, 664
6093, 74
6155, 656
6157, 870
6182, 1160
6198, 53
6210, 400
6221, 66
6245, 881
6326, 846
6437, 841
6442, 66
6536, 756
6592, 756
6610, 400
6637, 999
6639, 773
6645, 308
6674, 870
6821, 66
6855, 443
6941, 573
6987, 313
7015, 1233
7059, 715
7100, 573
7100, 757
7131, 79
7132, 84
7202, 822
7264, 1003
7279, 281
7490, 547
7504, 313
7544, 66
7566, 66
7613, 417
7613, 1130
7683, 60
7738, 82
7745, 499
7790, 86
7790, 91
7843, 186
7890, 313
7923, 66
8066, 756
8275, 84
8378, 72
8403, 66
8440, 308
8519, 66
8519, 313
8598, 802
8606, 97
8685, 866
8693, 1618
8723, 573
8751, 462
8970, 66
9062, 573
9076, 575
9175, 523
9182, 308
9198, 1160
9249, 318
9249, 1645
9267, 846
9322, 14
9350, 66
9425, 296
9464, 60
9485, 302
9568, 572
9568, 573
9642, 573
9681, 573
9753, 66
9876, 715
9927, 439
9938, 756
10013, 756
10091, 15
10129, 84
10253, 472
10274, 353
10321, 26
10340, 26
10372, 400
10372, 1294
10375, 1729
10430, 1736
10550, 590
10565, 385
10571, 308
10629, 317
10636, 870
10640, 1767
10740, 756
10777, 393
10854, 353
10862, 934
10876, 1282
10952, 77
10994, 308
11066, 573
11107, 503
11161, 870
11205, 313
11278, 186
11332, 84
11334, 688
11366, 846
11370, 308
11503, 60
11619, 296
11684, 756
11687, 353
11830, 81
11853, 44
11868, 687
12036, 66
12102, 103
12136, 503
12138, 44
12138, 485
12153, 846
12275, 573
12413, 313
12424, 84
12434, 296
12500, 400
12755, 119
12757, 575
12769, 400
12878, 817
12902, 1141
12903, 308
12919, 552
12970, 141
13000, 25
13023, 290
13028, 573
13037, 756
13134, 313
13211, 65
13273, 66
13291, 756
13302, 328
13572, 26
13662, 191
13662, 448
13662, 460
13707, 1487
13721, 575
13754, 879
13764, 196
13788, 66
13843, 870
13896, 757
14178, 353
14198, 216
14214, 573
14227, 44
14316, 449
14392, 461
14492, 308
14582, 99
14596, 715
14638, 191
14711, 313
14756, 1182
14796, 72
14832, 26
14856, 1238
14947, 561
14967, 400
15004, 186
15058, 72
15138, 870
15180, 773
15292, 870
15295, 443
15300, 317
15429, 353
15437, 870
15531, 186
15543, 313
15557, 66
15598, 72
15616, 1233
15619, 186
15690, 66
15753, 1237
15769, 313
15772, 1141
15813, 1915
15880, 189
15933, 757
15938, 479
15940, 870
15948, 127
16025, 528
16060, 313
16118, 400
16175, 313
16203, 66
16267, 1311
16343, 583
16507, 547
16541, 1160
16567, 756
16586, 308
16680, 479
16701, 756
16753, 91
16844, 676
16850, 908
16910, 573
17043, 1233
17044, 688
17093, 72
17095, 846
17119, 688
17139, 711
17149, 439
17279, 186
17326, 186
17574, 302
17625, 870
17653, 191
17653, 448
17653, 595
17692, 1233
17698, 313
17711, 1767
17749, 757
17804, 756
17827, 91
17917, 313
17963, 313
17972, 60
17973, 66
17982, 49
18009, 463
18033, 503
18206, 44
18247, 353
18344, 84
18344, 91
18381, 385
18381, 1812
18520, 66
18629, 122
18719, 756
18792, 455
18794, 353
19010, 1115
19020, 455
19020, 870
19032, 1311
19037, 11
19037, 974
19159, 455
19209, 846
19242, 74
19280, 360
19280, 362
19280, 363
19286, 705
19357, 60
19461, 439
19518, 66
19530, 870
19541, 44
19598, 460
19623, 313
19627, 1130
19699, 1141
19753, 599
19815, 10
19855, 313
19886, 186
19891, 1237
19916, 1358
19938, 639
19942, 290
20009, 456
20021, 186
20245, 1115
20246, 479
20262, 77
20286, 503
20289, 387
20305, 65
20448, 186
20474, 313
20502, 756
20581, 846
20591, 401
20591, 402
20591, 403
20591, 404
20591, 405
20591, 407
20591, 408
20591, 409
20591, 1783
20602, 846
20677, 573
20700, 1644
20899, 20
20905, 400
20951, 400
21022, 186
21090, 348
21097, 1937
21133, 196
21135, 57
21153, 756
21254, 308
21276, 84
21284, 44
21295, 870
21298, 891
21337, 66
21373, 653
21450, 473
21535, 60
21580, 773
21623, 870
21674, 2159
21723, 308
21764, 644
21770, 308
21816, 547
21860, 870
21924, 313
21935, 373
22050, 451
22115, 837
22133, 573
22133, 870
22243, 705
22324, 870
22341, 1160
22352, 756
22463, 313
22470, 1145
22503, 313
22608, 893
22680, 313
22729, 846
22761, 296
22775, 84
22775, 91
22838, 559
22862, 1141
22886, 756
22966, 439
22993, 296
23074, 744
23103, 896
23162, 66
23213, 394
23213, 395
23247, 313
23267, 1630
23277, 296
23280, 353
23302, 313
23320, 65
23336, 97
23336, 326
23398, 308
23469, 628
23573, 1279
23622, 313
23715, 66
23731, 1237
23785, 313
23845, 400
23876, 757
23893, 313
23897, 893
23952, 302
23965, 313
23972, 186
23972, 455
24177, 756
24325, 191
24325, 387
24326, 387
24346, 561
24375, 384
24396, 191
24396, 448
24398, 1160
24479, 866
24484, 1182
24511, 455
24559, 479
24559, 715
24589, 503
24641, 400
24716, 66
24767, 353
24816, 573
24930, 756
25046, 387
25083, 66
25091, 1239
25145, 290
25145, 353
25193, 756
25296, 503
25378, 84
25460, 480
25484, 66
25486, 1238
25530, 564
25571, 595
25728, 1181
25739, 308
26020, 6
26022, 756
26049, 757
26050, 595
26108, 11
26125, 756
26137, 757
26173, 190
26232, 84
26245, 870
26276, 281
26319, 84
26346, 2266
26363, 870
26459, 308
26776, 547
26823, 756
26836, 1233
26892, 103
26892, 104
26895, 573
26929, 66
27022, 846
27070, 573
27336, 846
27443, 523
27461, 332
27468, 757
27572, 756
27584, 641
27659, 461
27738, 756
27746, 400
27759, 1141
27765, 583
27787, 400
27836, 479
27836, 715
27879, 1311
27882, 44
27936, 1320
28010, 479
28011, 186
28051, 400
28069, 563
28157, 281
28245, 127
28259, 400
28365, 653
28375, 82
28425, 296
28451, 296
28530, 756
28532, 756
28535, 756
28574, 385
28574, 455
28633, 313
28721, 129
28736, 218
28745, 22
28772, 1141
28800, 74
28836, 305
28981, 2177
29137, 84
29223, 693
29262, 423
29650, 1280
29688, 186
29688, 870
29712, 186
29726, 573
29798, 548
30024, 561
30219, 969
30335, 186
30424, 50
30435, 735
30468, 112
30474, 353
30482, 688
30526, 281
30613, 756
30669, 308
30720, 461
30864, 715
30873, 60
30905, 186
30942, 757
30971, 1233
31038, 1238
31117, 528
31158, 44
31255, 353
31270, 436
31319, 785
31321, 572
31334, 687
31402, 81
31417, 338
31424, 846
31492, 400
31510, 866
31561, 757
31660, 445
31660, 743
31682, 400
31794, 313
31880, 106
31880, 196
31880, 542
31880, 1464
31881, 353
31885, 372
31978, 353
31983, 573
32005, 1237
32085, 107
32085, 629
32092, 2367
32161, 80
32220, 30
32239, 191
32239, 461
32305, 66
32319, 7
32411, 66
32413, 573
32472, 66
32516, 805
32589, 27
32682, 1237
32710, 84
32909, 196
32986, 552
33010, 573
33067, 1237
33116, 547
33213, 313
33217, 303
33217, 816
33244, 693
33296, 451
33296, 2380
33318, 26
33417, 308
33565, 2276
33597, 8
33610, 866
33662, 693
33777, 1102
33807, 756
33831, 66
33864, 84
33871, 83
33876, 400
34009, 661
34012, 100
34023, 2367
34072, 1141
34105, 66
34128, 547
34207, 186
34225, 186
34225, 190
34234, 1493
34268, 308
34334, 756
34395, 119
34395, 1220
34446, 756
34498, 296
34499, 296
34587, 756
34587, 757
34632, 186
34658, 547
34684, 870
34685, 846
34687, 479
34694, 573
34751, 186
35021, 744
35090, 439
35121, 400
35301, 191
35353, 196
35385, 66
35454, 308
35495, 953
35500, 84
35515, 573
35546, 479
35572, 575
35760, 1237
35789, 620
35871, 1311
35898, 494
35912, 186
35912, 572
35912, 573
35915, 1159
35989, 64
36065, 451
36065, 2380
36124, 479
36145, 1143
36151, 60
36181, 313
36185, 84
36304, 2159
36329, 2181
36389, 756
36435, 846
36483, 1239
36703, 313
36708, 756
36727, 527
36775, 665
36775, 958
36847, 711
36915, 308
37023, 1413
37130, 461
37149, 380
37175, 313
37274, 495
37274, 2430
37322, 503
37510, 9
37617, 1729
37626, 289
37626, 423
37639, 461
37647, 846
37679, 426
37688, 74
37792, 479
37835, 26
37928, 862
38079, 573
38145, 1237
38191, 353
38252, 757
38297, 387
38429, 186
38445, 186
38446, 503
38447, 1233
38450, 2283
38500, 870
38531, 757
38556, 756
38629, 69
38780, 186
38803, 308
38839, 688
39054, 2367
39160, 193
39239, 573
39404, 296
39482, 313
39488, 573
39518, 26
39593, 573
39733, 325
39756, 880
39786, 870
40031, 353
40158, 757
40169, 715
40420, 757
40453, 573
40505, 1311
40554, 693
40563, 84
40606, 1237
40609, 441
40643, 870
40825, 98
40908, 479
40908, 715
40946, 186
40966, 33
40971, 8
41052, 400
41095, 1437
41200, 400
41225, 455
41236, 573
41278, 339
41384, 460
41418, 313
41510, 757
41511, 2159
41543, 870
41567, 385
41737, 693
41800, 426
41840, 547
41876, 528
41919, 870
42091, 755
42121, 920
42172, 676
42191, 688
42217, 773
42217, 1062
42258, 595
42302, 313
42390, 72
42419, 870
42421, 308
42459, 585
42527, 44
42573, 641
42617, 426
42628, 503
42664, 2508
42703, 296
42718, 715
42834, 676
42867, 66
42898, 896
42935, 479
42946, 117
42953, 573
43094, 64
43101, 715
43119, 186
43210, 929
43210, 1238
43234, 86
43239, 8
43293, 561
43307, 503
43546, 9
43546, 26
43546, 202
43546, 1306
43546, 1496
43546, 1726
43611, 1569
43626, 715
43674, 756
43677, 84
43697, 313
43719, 1493
43744, 1413
43850, 66
44035, 99
44049, 66
44051, 117
44173, 756
44204, 495
44244, 66
44287, 84
44369, 503
44484, 2367
44506, 84
44517, 346
44554, 870
44592, 313
44595, 338
44597, 784
44612, 578
44680, 66
44760, 66
44805, 784
44813, 84
44813, 756
44838, 338
44865, 756
44932, 313
44992, 186
45255, 84
45394, 313
45395, 60
45396, 308
45449, 1040
45517, 84
45517, 186
45518, 308
45574, 687
45654, 479
45750, 84
45842, 308
45852, 190
45858, 313
45992, 186
45993, 186
46091, 479
46125, 34
46131, 8
46132, 313
46160, 730
46170, 756
46173, 1160
46238, 313
46265, 1536
46356, 387
46386, 575
46435, 66
46487, 846
46504, 66
46505, 676
46513, 426
46547, 757
46607, 66
46645, 313
46646, 693
46646, 773
46648, 866
46685, 495
46691, 870
46707, 756
46874, 308
46979, 1040
46991, 870
47085, 196
47093, 66
47138, 756
47151, 479
47188, 573
47194, 730
47217, 573
47225, 85
47225, 86
47225, 91
47226, 124
47226, 296
47388, 308
47419, 216
47507, 308
47519, 60
47541, 503
47563, 308
47596, 353
47609, 870
47638, 44
47656, 60
47656, 338
47656, 2335
47752, 693
47888, 426
47892, 461
47902, 426
47920, 455
47920, 756
47957, 296
48018, 191
48018, 460
48018, 1291
48093, 756
48244, 1273
48268, 66
48310, 1937
48323, 573
48382, 400
48441, 1233
48605, 86
48605, 756
48800, 426
48803, 44
48867, 573
48948, 84
49068, 503
49103, 870
49125, 308
49139, 756
49201, 503
49268, 84
49268, 85
49346, 756
49576, 72
49605, 186
49606, 186
49677, 547
49795, 943
49807, 1160
49813, 212
49831, 756
49855, 400
49910, 66
49971, 186
49989, 201
49989, 596
50008, 400
50009, 547
50026, 81
50061, 870
50082, 1640
50196, 573
50228, 186
50252, 296
50272, 114
50291, 400
50361, 1493
50503, 353
50517, 946
50563, 308
50590, 186
50696, 455
50865, 313
50927, 400
51043, 186
51119, 308
51121, 186
51146, 866
51156, 401
51156, 402
51156, 403
51156, 404
51156, 407
51156, 408
51205, 74
51209, 353
51219, 100
51219, 372
51231, 35
51332, 353
51361, 313
51391, 773
51552, 547
51576, 646
51649, 693
51660, 1282
51752, 929
51785, 57
51797, 846
51825, 307
51842, 688
51849, 573
51858, 479
51954, 1160
51969, 79
51969, 203
51977, 1003
52067, 846
52104, 813
52136, 296
52147, 870
52281, 2508
52301, 372
52301, 586
52329, 572
52329, 573
52330, 400
52336, 189
52348, 22
52540, 26
52619, 66
52638, 582
52676, 479
52713, 870
52739, 186
52751, 317
52793, 400
52835, 313
52903, 122
53037, 1064
53042, 455
53042, 1334
53083, 387
53180, 1493
53352, 84
53406, 693
53451, 573
53618, 107
53651, 426
53736, 44
53738, 60
53773, 216
53774, 2181
53865, 308
53922, 870
53997, 26
54017, 1237
54035, 472
54117, 2094
54153, 461
54160, 756
54160, 1040
54168, 461
54281, 66
54283, 66
54293, 503
54323, 103
54352, 455
54352, 573
54441, 385
54441, 1233
54454, 121
54454, 1358
54540, 756
54566, 1987
54566, 2671
54612, 1237
54648, 455
54705, 308
54723, 313
54728, 91
54745, 127
54800, 308
54910, 8
55041, 756
55091, 1233
55304, 186
55475, 757
55558, 84
55652, 186
55656, 573
55661, 194
55661, 504
55661, 1160
55661, 2298
55742, 656
55743, 656
55768, 528
55772, 186
55772, 572
55775, 44
55799, 756
55928, 1320
55995, 898
56082, 313
56126, 582
56243, 281
56288, 57
56426, 693
56445, 60
56484, 296
56664, 1233
56671, 84
56716, 400
56778, 573
56810, 749
56826, 846
56836, 693
56913, 503
56936, 1238
56936, 1239
56944, 102
56988, 313
57023, 547
57116, 313
57172, 186
57179, 953
57195, 870
57196, 866
57233, 44
57318, 1237
57381, 561
57459, 66
57564, 715
57565, 400
57575, 196
57579, 1080
57592, 10
57761, 455
57761, 641
57792, 573
57796, 26
57826, 212
57826, 492
57905, 313
57940, 66
57946, 573
58178, 969
58295, 313
58298, 313
58324, 1170
58415, 66
58619, 846
58623, 26
58623, 79
58697, 841
58780, 841
58848, 84
58891, 573
58892, 455
58892, 870
58900, 896
58961, 8
58964, 10
58986, 461
59031, 1404
59078, 479
59145, 757
59146, 757
59147, 573
59147, 757
59252, 573
59253, 715
59332, 212
59410, 595
59440, 1310
59468, 693
59499, 767
59571, 104
59618, 455
59643, 44
59692, 846
59797, 573
59884, 846
59921, 846
59964, 11
59964, 974
60042, 1907
60114, 599
60152, 313
60220, 186
60238, 186
60313, 1437
60433, 66
60501, 721
60759, 503
60765, 313
60785, 1186
60831, 338
60866, 573
60914, 186
60939, 1046
61004, 639
61025, 503
61037, 846
61041, 523
61041, 882
61041, 1264
61041, 1270
61041, 1272
61041, 2038
61096, 66
61196, 66
61464, 582
61479, 688
61511, 573
61533, 561
61618, 711
61621, 439
61770, 573
61791, 281
61801, 465
61833, 503
61894, 1493
61964, 1493
61991, 2745
61994, 57
61996, 281
62046, 735
62099, 934
62106, 10
62226, 833
62327, 25
62405, 870
62621, 313
62653, 186
62664, 317
62671, 715
62777, 479
62816, 573
62821, 84
62829, 34
62861, 44
62874, 66
63002, 353
63027, 1237
63037, 313
63088, 573
63157, 308
63173, 776
63174, 53
63248, 439
63249, 479
63258, 1325
63260, 455
63355, 639
63359, 186
63392, 216
63480, 400
63503, 846
63575, 281
63597, 920
63624, 756
63871, 66
63875, 66
63937, 2582
63945, 85
63945, 86
63959, 573
64031, 341
64090, 66
64269, 461
64274, 639
64275, 53
64315, 547
64334, 573
64363, 2344
64399, 84
64597, 870
64636, 400
64688, 216
64769, 86
64814, 308
64825, 1233
64873, 1332
65007, 385
65007, 1812
65043, 846
65048, 281
65091, 308
65094, 217
65178, 715
65238, 313
65246, 400
65392, 688
65458, 66
65461, 503
65534, 353
65547, 308
65554, 455
65610, 313
65685, 127
65822, 66
65837, 426
65876, 455
65876, 844
65876, 1334
65900, 846
65904, 503
66014, 846
66113, 400
66131, 573
66169, 1237
66353, 60
66415, 44
66680, 186
66703, 400
66707, 749
66708, 846
66730, 353
66810, 308
66951, 870
66993, 479
66993, 715
67172, 2430
67190, 66
67196, 353
67202, 439
67276, 44
67310, 1915
67325, 313
67506, 455
67671, 308
67671, 1493
67714, 503
67734, 1587
67770, 313
67786, 308
67807, 426
67843, 771
67908, 308
67987, 84
68044, 721
68167, 307
68320, 1141
68380, 448
68406, 296
68421, 196
68478, 10
68539, 11
68613, 573
68636, 290
68704, 688
68813, 360
68813, 363
69030, 715
69172, 20
69191, 387
69275, 353
69340, 82
69340, 83
69348, 380
69386, 1987
69386, 2671
69419, 841
69437, 735
69454, 508
69505, 461
69540, 353
69677, 84
69779, 439
69808, 547
69817, 287
69874, 1186
69945, 57
70085, 84
70085, 756
70091, 34
70128, 84
70128, 86
70128, 353
70335, 84
70481, 98
70504, 846
70629, 715
70654, 578
70687, 60
70793, 479
70798, 503
70806, 80
70818, 846
70905, 561
70993, 1294
71004, 479
71055, 1185
71104, 313
71122, 573
71137, 84
71137, 85
71137, 86
71137, 91
71166, 756
71196, 479
71196, 715
71227, 561
71346, 66
71349, 547
71351, 2367
71371, 688
71377, 590
71379, 83
71409, 313
71454, 439
71526, 186
71614, 503
71713, 313
71740, 44
71773, 10
71822, 2367
71857, 53
71913, 1130
71927, 186
72008, 338
72024, 757
72042, 1141
72062, 756
72129, 1273
72133, 528
72145, 573
72148, 296
72240, 715
72255, 313
72269, 756
72293, 730
72311, 870
72327, 1311
72351, 186
72351, 572
72351, 573
72394, 479
72430, 439
72503, 6
72580, 1545
72604, 84
72634, 313
72663, 573
72668, 197
72696, 634
72700, 290
72780, 1569
72798, 628
72803, 480
72844, 308
72912, 841
73021, 1294
73097, 1160
73167, 26
73186, 186
73320, 296
73381, 308
73382, 870
73407, 186
73439, 60
73446, 10
73651, 313
73658, 547
73751, 66
73831, 479
73835, 400
74100, 84
74100, 91
74100, 756
74163, 1297
74204, 353
74312, 773
74343, 84
74400, 47
74438, 84
74438, 86
74483, 503
74515, 119
74549, 628
74564, 400
74631, 636
74703, 1729
74713, 353
74776, 870
74913, 53
74916, 688
74942, 10
75206, 99
75340, 495
75349, 44
75408, 175
75486, 561
75522, 72
75544, 313
75600, 1493
75686, 503
75721, 313
75728, 547
75772, 290
75772, 353
75816, 302
75887, 191
75887, 448
75887, 1498
75911, 308
75911, 771
75922, 641
75922, 870
75973, 426
75993, 98
76000, 26
76022, 103
76048, 186
76076, 841
76104, 571
76112, 688
76168, 573
76238, 846
76254, 479
76254, 715
76280, 313
76333, 353
76360, 1238
76380, 478
76383, 898
76418, 296
76503, 308
76538, 866
76695, 186
76720, 44
76793, 313
76800, 313
76892, 426
76906, 773
77046, 1282
77074, 84
77114, 84
77114, 756
77175, 547
77183, 561
77198, 757
77231, 707
77245, 313
77400, 26
77417, 463
77426, 1320
77452, 1233
77479, 1178
77523, 191
77523, 460
77612, 1233
77642, 693
77733, 2256
77761, 572
77761, 573
78112, 84
78112, 91
78119, 445
78140, 26
78149, 756
78169, 383
78238, 400
78266, 186
78277, 757
78288, 870
78289, 66
78296, 1141
78325, 8
78346, 186
78463, 186
78498, 1729
78625, 756
78641, 846
78708, 313
78724, 455
78724, 1812
78772, 870
78820, 573
78841, 688
78879, 84
78881, 53
78966, 653
79071, 290
79127, 281
79197, 479
79222, 573
79228, 756
79236, 66
79271, 26
79274, 308
79306, 385
79306, 455
79306, 641
79398, 547
79398, 715
79404, 26
79432, 548
79474, 186
79479, 455
79531, 66
79569, 503
79586, 104
79611, 400
79712, 341
79713, 341
79714, 341
79733, 47
79803, 313
79834, 756
80047, 353
80062, 308
80064, 100
80064, 372
80070, 573
80074, 308
80192, 282
80213, 479
80215, 34
80218, 1003
80230, 313
80260, 715
80434, 1801
80456, 53
80613, 561
80637, 595
80773, 756
80820, 503
80845, 9
80875, 186
80875, 573
80937, 308
80949, 308
80979, 2283
81001, 338
81022, 44
81061, 756
81065, 447
81087, 66
81166, 479
81192, 385
81192, 455
81195, 98
81198, 735
81214, 98
81346, 1311
81374, 60
81421, 114
81473, 573
81481, 503
81501, 66
81607, 1237
81635, 313
81676, 308
81698, 98
81701, 400
81798, 573
81829, 339
81835, 66
81836, 104
81916, 84
81996, 91
82003, 1160
82028, 72
82093, 642
82103, 788
82105, 788
82118, 1239
82138, 186
82289, 74
82326, 60
82340, 841
82367, 308
82546, 455
82546, 1334
82605, 119
82605, 1358
82617, 1493
82643, 934
82670, 290
82670, 353
82821, 1177
82865, 479
83011, 196
83050, 693
83093, 66
83124, 26
83416, 313
83486, 573
83547, 504
83566, 870
83577, 561
83594, 1373
83647, 1141
83697, 573
83704, 308
83720, 1325
83722, 194
83762, 84
83811, 186
83811, 479
83811, 715
83862, 313
83872, 495
83950, 84
83958, 439
84010, 296
84011, 82
84011, 191
84011, 460
84063, 455
84132, 641
84298, 380
84303, 1812
84304, 60
84404, 84
84420, 353
84426, 77
84465, 186
84477, 756
84567, 962
84569, 84
84571, 387
84600, 599
84602, 308
84631, 400
84764, 705
84764, 2915
84774, 426
84775, 870
84885, 400
84952, 8
85024, 313
85153, 84
85228, 296
85241, 26
85254, 1233
85267, 186
85268, 186
85271, 756
85271, 757
85341, 216
85365, 715
85384, 80
85614, 711
85616, 898
85620, 2016
85720, 573
85761, 870
85869, 10
85930, 756
85998, 441
86060, 216
86089, 730
86178, 66
86217, 1736
86276, 503
86287, 1233
86289, 385
86289, 455
86322, 313
86324, 296
86339, 313
86350, 400
86350, 1812
86359, 756
86380, 10
86552, 962
86634, 313
86723, 66
86766, 773
86907, 186
86930, 426
86954, 757
87032, 8
87050, 322
87050, 551
87091, 82
87091, 83
87091, 664
87147, 943
87179, 880
87358, 463
87473, 693
87473, 773
87473, 943
87473, 1062
87488, 969
87496, 107
87500, 26
87518, 1812
87525, 547
87538, 1493
87606, 66
87655, 688
87672, 503
87721, 969
87731, 66
87746, 715
87795, 313
87834, 186
87834, 572
87834, 573
87914, 72
88001, 2404
88031, 400
88035, 186
88155, 359
88197, 503
88215, 646
88235, 313
88431, 688
88552, 573
88598, 817
88642, 1237
88702, 547
88755, 19
88756, 196
88845, 1237
88911, 186
88922, 296
88944, 338
88971, 573
88971, 756
89055, 186
89097, 186
89102, 186
89103, 44
89116, 455
89120, 385
89120, 641
89155, 1648
89212, 461
89299, 296
89300, 296
89324, 693
89328, 1141
89337, 503
89359, 296
89398, 26
89479, 313
89618, 186
89688, 26
89847, 479
89895, 757
89911, 479
90099, 512
90168, 44
90242, 870
90282, 190
90292, 202
90347, 771
90424, 84
90424, 85
90424, 86
90484, 521
90559, 1233
90565, 400
90578, 313
90592, 463
90641, 1185
90683, 80
90693, 1320
90726, 84
90727, 1311
90877, 10
90903, 8
90936, 308
90937, 353
90944, 1404
90961, 573
91004, 217
91298, 66
91322, 1238
91335, 59
91335, 337
91589, 846
91590, 846
91611, 756
91654, 281
91664, 79
91720, 455
91759, 969
91763, 2367
91816, 1111
91873, 66
91896, 60
91961, 715
92012, 19
92021, 756
92046, 756
92070, 479
92099, 22
92107, 1806
92143, 30
92156, 287
92202, 426
92291, 1311
92384, 1493
92405, 756
92416, 426
92464, 443
92565, 573
92619, 1937
92690, 847
92893, 756
92895, 572
92895, 573
92920, 186
93003, 296
93183, 1237
93312, 573
93316, 1237
93416, 84
93580, 10
93611, 969
93694, 34
93710, 947
93824, 2276
93859, 124
93859, 841
93859, 2014
93939, 112
93944, 1182
94021, 756
94085, 186
94111, 191
94133, 353
94142, 1141
94150, 757
94216, 448
94338, 715
94397, 479
94411, 687
94570, 573
94615, 870
94655, 639
94657, 439
94658, 770
94695, 25
94838, 727
95093, 186
95140, 756
95208, 66
95222, 112
95284, 463
95299, 353
95403, 2367
95405, 1463
95447, 346
95447, 1172
95451, 84
95525, 479
95585, 66
95593, 573
95615, 838
95617, 573
95656, 84
95680, 308
95690, 83
95703, 1625
95788, 571
95866, 879
95904, 353
95914, 308
95924, 214
95924, 592
95924, 785
95960, 19
96009, 628
96023, 353
96140, 561
96210, 84
96211, 841
96238, 730
96262, 1329
96265, 784
96295, 721
96299, 455
96393, 66
96408, 561
96416, 687
96422, 1238
96436, 1325
96493, 400
96532, 478
96593, 846
96739, 757
96798, 400
96799, 400
96829, 662
96841, 186
96903, 95
96960, 730
96990, 503
97022, 756
97064, 66
97166, 547
97179, 688
97252, 60
97328, 969
97346, 6
97350, 1311
97402, 461
97409, 846
97484, 2527
97514, 846
97515, 846
97579, 757
97606, 926
97641, 866
97702, 313
97795, 870
97989, 186
97995, 1767
98144, 479
98199, 870
98250, 573
98277, 735
98328, 573
98339, 870
98384, 561
98399, 302
98535, 784
98645, 313
98656, 561
98715, 693
98771, 80
98779, 83
98944, 313
99024, 756
99106, 756
99125, 94
99375, 1233
99429, 756
99440, 455
99580, 756
99580, 757
99637, 313
99690, 271
99691, 271
99742, 25
99784, 870
99786, 572
99867, 60
99896, 870
99954, 735
100083, 503
100207, 353
100228, 870
100381, 1621
100412, 313
100435, 730
100442, 744
100481, 423
100498, 84
100524, 693
100561, 870
100617, 66
100859, 328
100881, 77
100934, 84
100993, 85
101064, 313
101105, 846
101108, 1282
101186, 466
101219, 573
101326, 186
101339, 756
101363, 1926
101389, 756
101488, 1141
101514, 2367
101598, 1233
101618, 2896
101700, 715
101762, 1233
101841, 784
101927, 896
101950, 114
102086, 1729
102100, 500
102112, 528
102170, 1323
102171, 455
102274, 547
102305, 653
102318, 84
102320, 296
102352, 479
102415, 755
102415, 1217
102415, 1289
102428, 296
102570, 313
102577, 26
102622, 503
102634, 561
102644, 66
102681, 1806
102762, 44
102773, 66
102774, 400
102835, 503
102864, 1292
102868, 595
102915, 572
102915, 573
103006, 573
103055, 568
103106, 969
103156, 1311
103255, 735
103339, 281
103414, 25
103462, 784
103463, 503
103575, 353
103590, 947
103721, 186
103779, 8
103922, 573
104111, 313
104314, 313
104408, 189
104416, 72
104518, 575
104519, 575
104520, 575
104521, 575
104522, 575
104576, 573
104584, 400
104589, 1601
104617, 1141
104658, 127
104662, 127
104841, 1493
104867, 583
105114, 214
105114, 592
105114, 785
105296, 880
105302, 353
105315, 756
105356, 410
105365, 308
105441, 308
105496, 346
105515, 127
105542, 833
105584, 714
105615, 60
105636, 650
105654, 26
105728, 119
105756, 127
105795, 756
105814, 308
105821, 400
105857, 870
105908, 1282
105924, 66
105934, 83
106057, 216
106230, 332
106305, 186
106311, 353
106314, 60
106338, 313
106346, 296
106378, 756
106380, 1601
106406, 66
106498, 715
106517, 332
106579, 495
106640, 22
106731, 186
106771, 2103
106859, 806
106870, 1141
106891, 1596
107014, 85
107060, 870
107112, 773
107216, 114
107262, 44
107304, 313
107404, 290
107404, 353
107413, 756
107491, 308
107594, 1154
107650, 715
107660, 756
107790, 372
107796, 1024
107858, 353
107893, 308
107897, 573
107949, 1834
107998, 66
108056, 26
108067, 573
108098, 98
108176, 730
108195, 66
108214, 1806
108214, 2335
108243, 439
108273, 60
108300, 841
108334, 186
108446, 573
108471, 400
108531, 688
108615, 296
108806, 84
108806, 85
108806, 86
108806, 91
108830, 308
109031, 846
109052, 1282
109086, 44
109086, 365
109204, 822
109234, 455
109329, 573
109339, 10
109458, 1915
109542, 837
109570, 503
109593, 846
109595, 426
109664, 441
109664, 841
109811, 1325
109943, 479
109959, 308
110051, 313
110064, 756
110209, 86
110365, 756
110523, 460
110524, 460
110526, 460
110527, 460
110534, 308
110583, 103
110583, 104
110592, 573
110643, 846
110672, 503
110683, 1237
110769, 757
110863, 1238
110896, 730
110925, 479
110962, 479
110989, 213
111083, 879
111170, 186
111243, 455
111274, 308
111289, 385
111327, 479
111327, 715
111365, 21
111365, 22
111365, 583
111402, 66
111432, 302
111448, 688
111489, 44
111493, 296
111502, 308
111566, 66
111597, 757
111600, 190
111694, 523
111738, 313
111818, 313
111876, 10
111956, 186
111964, 400
111999, 308
112093, 1233
112147, 1181
112155, 573
112240, 841
112261, 44
112283, 60
112412, 575
112413, 575
112414, 575
112415, 575
112436, 44
112510, 313
112631, 84
112657, 1024
112686, 472
112737, 117
112775, 639
112798, 19
112804, 771
112812, 338
112816, 757
112824, 756
112866, 400
112902, 49
112908, 400
112988, 72
113026, 66
113064, 2367
113102, 84
113129, 308
113160, 1237
113165, 281
113182, 400
113225, 1237
113250, 573
113279, 66
113397, 479
113485, 1237
113726, 573
113744, 639
113811, 837
113822, 400
113872, 401
113872, 402
113872, 403
113872, 404
113872, 407
113872, 408
113951, 846
113956, 688
114017, 296
114074, 846
114116, 561
114126, 735
114133, 455
114134, 186
114374, 91
114379, 86
114379, 756
114544, 2344
114574, 1569
114664, 870
114709, 8
114785, 573
114796, 806
114942, 1767
115082, 479
115086, 639
115092, 313
115137, 693
115164, 74
115194, 353
115196, 573
115206, 191
115234, 552
115269, 715
115470, 455
115503, 353
115518, 186
115518, 572
115518, 573
115559, 313
115629, 127
115649, 439
115735, 332
115775, 573
115874, 66
115971, 479
116040, 455
116084, 503
116125, 756
116242, 26
116375, 870
116400, 1141
116429, 439
116431, 1170
116433, 26
116472, 1270
116560, 313
116674, 502
116762, 308
116774, 1102
116788, 341
116793, 620
116824, 870
116835, 479
116835, 715
116847, 841
116879, 573
116909, 1141
116985, 353
117121, 784
117130, 896
117137, 400
117258, 573
117365, 313
117378, 455
117378, 1334
117384, 66
117398, 1159
117419, 870
117435, 715
117577, 1237
117639, 190
117693, 313
117706, 281
117803, 296
117835, 2016
117842, 503
117902, 693
117908, 66
117939, 1233
117945, 573
117982, 66
118041, 308
118060, 47
118068, 186
118069, 715
118153, 426
118155, 296
118317, 66
118376, 896
118395, 186
118524, 186
118557, 756
118600, 186
118655, 641
118664, 400
118670, 2344
118746, 186
118785, 479
118827, 60
118888, 547
118903, 26
118925, 934
118959, 8
119002, 103
119152, 461
119235, 318
119432, 866
119487, 66
119625, 1320
119734, 503
119862, 77
119874, 784
119914, 387
119963, 385
119963, 1812
119971, 784
119985, 583
120008, 66
120146, 744
120169, 296
120207, 26
120250, 870
120362, 1493
120406, 1373
120419, 289
120463, 66
120478, 756
120499, 573
120516, 676
120564, 127
120614, 313
120683, 715
120688, 503
120764, 77
120767, 77
120780, 26
120902, 908
120922, 479
120922, 715
120988, 757
120998, 66
121018, 573
121071, 503
121105, 373
121151, 757
121197, 186
121198, 1601
121198, 2001
121352, 595
121446, 1182
121528, 1178
121575, 54
121614, 573
121642, 837
121844, 175
121921, 969
121958, 688
122001, 676
122033, 1729
122044, 552
122356, 186
122390, 472
122407, 646
122418, 313
122431, 74
122515, 1160
122584, 83
122647, 458
122653, 98
122763, 60
122775, 573
122790, 313
122857, 681
122997, 3145
123004, 122
123009, 1282
123040, 400
123111, 1237
123147, 22
123220, 308
123224, 44
123268, 33
123314, 66
123331, 623
123364, 841
123439, 1237
123590, 66
123727, 757
123845, 385
123845, 641
123846, 1233
123883, 756
123925, 84
123936, 628
124041, 503
124098, 44
124103, 2344
124179, 385
124266, 376
124294, 870
124335, 721
124361, 426
124482, 44
124496, 936
124597, 313
124629, 573
124629, 641
124666, 84
124674, 573
124696, 313
124858, 72
125068, 912
125110, 479
125110, 715
125118, 715
125231, 69
125256, 841
125326, 6
125326, 7
125359, 296
125373, 1233
125414, 84
125613, 773
125613, 1062
125651, 439
125712, 969
125715, 66
125728, 10
125762, 400
125784, 186
125802, 1767
125829, 8
125829, 18
125829, 288
125829, 303
125829, 317
125829, 665
125829, 817
125829, 929
125829, 958
125909, 628
125933, 400
125949, 84
125959, 2001
125995, 83
126048, 53
126056, 22
126073, 896
126104, 1767
126110, 84
126110, 86
126128, 688
126216, 119
126216, 1024
126228, 84
126334, 69
126361, 281
126396, 1081
126530, 353
126541, 478
126578, 479
126591, 313
126607, 313
126638, 26
126717, 1282
126945, 191
126949, 290
126949, 353
126961, 296
126987, 693
126996, 479
127047, 561
127048, 400
127169, 84
127194, 735
127278, 519
127401, 969
127410, 752
127465, 666
127479, 84
127527, 870
127555, 186
127612, 313
127657, 687
127675, 681
127732, 547
127738, 281
127745, 66
127853, 573
127931, 503
128054, 1812
128079, 290
128079, 353
128133, 103
128181, 66
128192, 10
128237, 1937
128245, 91
128320, 479
128463, 353
128467, 969
128481, 34
128580, 969
128594, 10
128601, 66
128617, 1282
128646, 103
128646, 104
128658, 380
128756, 8
128821, 495
128890, 561
128993, 66
129056, 1141
129094, 10
129112, 572
129336, 870
129347, 302
129409, 715
129498, 313
129538, 290
129575, 455
129688, 934
129769, 22
129804, 1493
129925, 353
129959, 212
130001, 313
130014, 479
130014, 715
130021, 72
130025, 400
130061, 756
130141, 846
130217, 308
130227, 157
130238, 440
130332, 575
130382, 7
130382, 44
130511, 353
130594, 573
130604, 296
130619, 573
130714, 296
130786, 82
130810, 385
130862, 26
130865, 582
130872, 920
130875, 969
130885, 426
130892, 296
130901, 757
130994, 773
131164, 503
131214, 503
131321, 26
131350, 186
131437, 10
131495, 44
131632, 35
131664, 1122
131755, 66
131780, 996
131803, 313
131818, 1569
131962, 920
131998, 98
132012, 841
132054, 308
132082, 86
132082, 91
132095, 756
132172, 330
132176, 1767
132197, 460
132197, 461
132197, 595
132197, 1291
132245, 479
132261, 191
132261, 461
132349, 44
132425, 340
132529, 440
132586, 455
132586, 1334
132616, 353
132748, 1273
132756, 503
132795, 2276
132925, 824
133000, 573
133019, 583
133066, 186
133078, 461
133161, 57
133168, 547
133221, 117
133251, 284
133379, 60
133383, 84
133395, 547
133409, 400
133413, 189
133435, 30
133536, 573
133558, 49
133606, 1282
133615, 127
133698, 66
133704, 522
133729, 443
133734, 60
133826, 190
133826, 385
133834, 573
133899, 2430
134000, 466
134008, 953
134010, 308
134050, 756
134064, 112
134169, 1141
134177, 846
134355, 325
134355, 1099
134420, 30
134474, 841
134671, 190
134695, 846
134700, 573
134721, 495
134739, 71
134747, 380
134756, 353
134804, 561
134924, 190
134972, 84
134982, 479
135080, 688
135089, 84
135136, 296
135269, 353
135284, 461
135459, 302
135468, 573
135493, 817
135518, 756
135556, 186
135578, 400
135658, 353
135765, 313
135778, 573
135921, 756
135971, 1141
136130, 715
136148, 313
136318, 281
136329, 10
136329, 27
136345, 400
136349, 1237
136369, 3193
136453, 22
136456, 1170
136466, 84
136539, 756
136550, 568
136638, 455
136655, 190
136665, 186
136720, 340
136750, 353
136763, 400
136808, 66
136873, 44
136911, 757
136949, 479
136957, 8
136977, 1826
136990, 711
137016, 547
137076, 756
137350, 756
137381, 833
137399, 2410
137473, 756
137493, 84
137493, 85
137493, 86
137551, 756
137599, 693
137599, 773
137641, 186
137641, 870
137721, 10
137729, 841
137912, 573
137993, 82
138029, 573
138078, 385
138078, 756
138174, 26
138271, 846
138275, 573
138291, 82
138309, 974
138360, 846
138401, 547
138494, 27
138639, 186
138788, 289
138792, 35
138887, 426
138927, 1493
139048, 313
139081, 701
139370, 10
139376, 53
139378, 757
139394, 53
139416, 313
139430, 84
139506, 202
139547, 466
139691, 400
139824, 369
139824, 699
139857, 774
139869, 426
139879, 186
140024, 547
140095, 573
140099, 353
140136, 313
140155, 461
140237, 353
140257, 2367
140266, 66
140292, 688
140302, 190
140419, 527
140436, 503
140516, 1233
140527, 1233
140535, 571
140696, 870
140773, 186
140813, 480
140850, 461
140852, 756
140885, 573
140905, 380
140958, 308
140960, 439
141120, 841
141126, 57
141187, 1003
141285, 400
141438, 23
141487, 127
141488, 633
141510, 385
141510, 641
141525, 307
141584, 296
141588, 60
141680, 426
141708, 190
141748, 296
141886, 308
141994, 573
142054, 1311
142087, 735
142169, 190
142199, 568
142357, 1237
142429, 328
142448, 44
142488, 841
142503, 191
142641, 866
142756, 1160
142802, 784
142913, 296
143059, 757
143117, 1141
143203, 60
143225, 2409
143235, 186
143240, 281
143287, 53
143324, 313
143346, 584
143395, 8
143405, 478
143448, 44
143555, 84
143558, 1185
143561, 439
143583, 44
143658, 573
143679, 338
143821, 313
143825, 66
143834, 22
143850, 35
143919, 573
143920, 503
144043, 756
144124, 308
144198, 313
144218, 479
144279, 281
144286, 387
144390, 313
144412, 757
144414, 84
144536, 479
144576, 186
144716, 61
144725, 353
144837, 870
144898, 400
145019, 1721
145020, 573
145036, 353
145042, 19
145062, 573
145102, 99
145188, 193
145220, 400
145246, 426
145262, 353
145368, 962
145374, 25
145378, 44
145452, 77
145517, 503
145672, 1023
145685, 756
145775, 2367
145802, 641
145806, 653
145868, 573
145872, 186
146073, 870
146101, 53
146342, 756
146436, 559
146437, 559
146475, 55
146608, 104
146690, 111
146735, 26
146735, 79
146801, 122
146856, 296
146893, 757
146917, 308
146960, 573
147034, 479
147183, 1729
147183, 2466
147189, 186
147217, 969
147228, 999
147249, 127
147285, 846
147289, 445
147308, 313
147320, 480
147324, 308
147331, 870
147454, 26
147473, 400
147583, 479
147747, 784
147749, 969
147792, 575
147805, 641
147853, 84
147853, 573
147858, 1463
147918, 934
147918, 1569
148003, 969
148046, 461
148088, 343
148088, 806
148104, 108
148127, 503
148153, 1141
148179, 870
148212, 66
148226, 27
148296, 380
148315, 846
148327, 756
148365, 2367
148447, 373
148469, 8
148586, 313
148664, 1812
148701, 84
148718, 188
148718, 1873
148790, 278
148921, 1159
148927, 2014
148989, 296
149100, 756
149120, 503
149139, 1334
149217, 66
149227, 573
149257, 55
149338, 66
149385, 773
149385, 1062
149435, 441
149467, 84
149534, 9
149634, 1812
149788, 441
149842, 756
149850, 1767
149878, 60
150001, 757
150017, 756
150150, 84
150184, 757
150201, 400
150313, 186
150395, 77
150406, 186
150425, 573
150425, 756
150455, 338
150460, 756
150467, 455
150467, 870
150537, 189
150543, 693
150661, 400
150665, 628
150714, 385
150714, 455
150732, 1233
150743, 756
150744, 870
150775, 313
150918, 9
150942, 385
150942, 455
150947, 53
150981, 505
150981, 1487
151015, 400
151044, 1102
151068, 573
151100, 439
151122, 1812
151157, 66
151240, 353
151297, 281
151320, 44
151332, 573
151408, 503
151449, 846
151466, 313
151481, 2118
151680, 688
151684, 26
151796, 34
151796, 56
151796, 979
151796, 2212
151804, 296
151822, 353
151853, 573
151864, 289
151864, 423
151892, 84
151892, 86
151918, 615
151931, 757
151967, 756
152119, 114
152119, 523
152119, 882
152166, 313
152211, 296
152214, 846
152225, 353
152229, 66
152232, 313
152251, 288
152251, 665
152251, 958
152276, 641
152345, 1160
152424, 1233
152432, 846
152546, 114
152670, 186
152670, 313
152685, 91
152685, 1080
152709, 26
152884, 595
152954, 562
152963, 599
152981, 84
153120, 479
153130, 426
153232, 846
153259, 84
153259, 86
153302, 721
153318, 84
153442, 308
153466, 30
153474, 313
153509, 186
153520, 757
153537, 688
153575, 1765
153601, 784
153643, 400
153680, 1233
153708, 870
153770, 1318
153889, 870
153909, 665
153909, 958
153935, 66
153960, 186
153970, 1237
153988, 66
154023, 693
154098, 186
154125, 561
154136, 22
154178, 60
154189, 846
154262, 302
154291, 681
154296, 756
154296, 969
154313, 1767
154339, 185
154345, 353
154442, 353
154480, 735
154508, 66
154522, 340
154550, 688
154563, 296
154770, 22
154778, 8
154822, 1937
154846, 479
154944, 666
154973, 385
154973, 1812
155055, 296
155094, 302
155389, 573
155400, 396
155465, 880
155508, 1897
155525, 66
155613, 308
155709, 353
155754, 104
155836, 756
156060, 26
156105, 568
156115, 1311
156122, 578
156124, 107
156124, 108
156232, 448
156252, 730
156370, 64
156384, 353
156480, 2346
156506, 846
156528, 572
156528, 573
156554, 101
156711, 506
156739, 846
156743, 561
156782, 281
156859, 313
156876, 757
156917, 313
156980, 1233
157000, 308
157009, 313
157049, 1282
157077, 394
157089, 841
157141, 308
157258, 34
157346, 84
157353, 35
157393, 80
157401, 57
157523, 1915
157591, 84
157591, 86
157591, 91
157615, 8
157680, 653
157717, 1102
157717, 1801
157755, 308
157810, 715
157829, 308
157888, 1141
157900, 26
157900, 1306
157900, 1319
157900, 1496
157900, 1726
157910, 688
157985, 308
158188, 451
158188, 1048
158188, 2380
158197, 561
158217, 69
158238, 757
158280, 2855
158299, 573
158306, 313
158379, 127
158395, 756
158403, 106
158403, 194
158403, 196
158413, 634
158508, 559
158508, 870
158508, 1629
158582, 479
158611, 999
158644, 186
158699, 756
158810, 313
158818, 66
158835, 418
158846, 313
158874, 313
158905, 426
158909, 756
158987, 947
159077, 74
159143, 66
159188, 400
159235, 426
159348, 313
159359, 1282
159373, 1233
159420, 426
159439, 395
159452, 2430
159453, 771
159477, 60
159504, 60
159569, 84
159580, 26
159601, 870
159637, 313
159692, 212
159806, 479
159963, 296
159963, 297
159989, 715
160088, 213
160101, 175
160102, 313
160121, 503
160127, 25
160151, 107
160209, 811
160210, 196
160312, 773
160315, 11
160436, 69
160463, 10
160463, 27
160463, 143
160613, 552
160674, 1233
160711, 693
160714, 186
160754, 216
160791, 634
160798, 827
160798, 837
160828, 595
160828, 1498
160871, 527
160893, 756
160945, 2430
160958, 22
161067, 846
161158, 870
161176, 98
161189, 1233
161214, 353
161219, 373
161234, 1767
161258, 934
161335, 84
161335, 756
161358, 1141
161406, 479
161427, 837
161487, 217
161526, 879
161555, 66
161818, 84
161838, 353
161933, 837
161978, 84
161978, 85
161978, 86
161978, 91
162013, 1812
162028, 757
162060, 450
162105, 846
162196, 846
162250, 353
162291, 439
162300, 66
162317, 191
162360, 687
162418, 8
162461, 44
162700, 843
162763, 693
162784, 870
162821, 999
162842, 1233
162877, 400
162909, 583
163006, 573
163062, 385
163062, 573
163062, 641
163096, 730
163243, 198
163280, 494
163294, 64
163316, 72
163344, 60
163361, 6
163361, 44
163406, 296
163411, 657
163413, 646
163417, 400
163418, 66
163513, 735
163565, 870
163581, 503
163610, 573
163870, 353
163910, 870
163915, 813
163917, 2430
164059, 353
164101, 693
164163, 756
164181, 27
164181, 143
164209, 186
164272, 522
164293, 653
164295, 64
164341, 572
164341, 573
164357, 628
164414, 72
164438, 426
164470, 10
164482, 572
164482, 573
164518, 385
164518, 641
164527, 98
164567, 461
164576, 313
164603, 439
164648, 60
164670, 64
164707, 385
164707, 572
164707, 573
164727, 455
164829, 83
164866, 338
164867, 297
164890, 756
164907, 1233
165129, 595
165257, 69
165330, 921
165360, 26
165363, 26
165455, 9
165455, 202
165491, 308
165533, 353
165539, 578
165572, 186
165603, 385
165603, 641
165632, 296
165748, 426
165752, 571
165774, 296
165802, 1141
165968, 757
165979, 186
165987, 461
165996, 770
166017, 66
166049, 99
166064, 353
166069, 773
166069, 1062
166158, 313
166200, 472
166248, 479
166248, 715
166281, 8
166387, 564
166442, 784
166508, 947
166524, 308
166589, 353
166637, 400
166742, 308
166839, 2014
166931, 756
166934, 870
166953, 385
166953, 455
167011, 693
167012, 53
167058, 82
167061, 730
167157, 573
167171, 1046
167195, 573
167203, 308
167380, 108
167381, 296
167475, 784
167533, 1621
167554, 65
167565, 27
167570, 84
167578, 572
167578, 573
167586, 870
167630, 479
167654, 84
167684, 313
167874, 313
167990, 99
168000, 1233
168020, 439
168071, 1160
168095, 890
168154, 44
168274, 66
168302, 1524
168319, 934
168352, 756
168485, 2409
168600, 1450
168601, 1450
168614, 683
168697, 595
168699, 1987
168699, 2671
168784, 400
168997, 573
169002, 969
169025, 479
169025, 715
169169, 479
169169, 715
169223, 66
169264, 497
169366, 495
169366, 578
169366, 841
169394, 573
169427, 212
169448, 353
169493, 114
169551, 466
169560, 564
169590, 1024
169639, 10
169673, 186
169778, 479
169785, 9
169785, 202
169880, 1162
169985, 35
170071, 573
170075, 26
170081, 1462
170153, 756
170163, 400
170274, 313
170337, 2883
170359, 756
170383, 313
170456, 66
170543, 332
170574, 908
170594, 870
170598, 439
170613, 572
170621, 217
170622, 756
170644, 400
170666, 547
170688, 933
170756, 77
170813, 573
170936, 634
170967, 84
170989, 10
171009, 84
171009, 186
171037, 308
171151, 2053
171172, 503
171279, 656
171281, 573
171281, 641
171282, 455
171286, 547
171300, 313
171344, 22
171344, 373
171344, 583
171368, 186
171467, 66
171537, 66
171638, 503
171742, 870
171745, 126
171745, 127
171745, 705
171883, 400
171974, 870
171977, 693
172032, 84
172044, 10
172098, 72
172107, 784
172111, 969
172123, 22
172129, 528
172145, 633
172145, 634
172202, 595
172212, 1320
172259, 186
172259, 313
172286, 353
172537, 573
172611, 1806
172623, 1141
172650, 103
172650, 104
172650, 934
172742, 756
172773, 400
172812, 756
172930, 744
173022, 573
173071, 296
173087, 503
173091, 1493
173093, 688
173131, 756
173154, 115
173226, 757
173284, 755
173372, 186
173383, 8
173418, 547
173511, 10
173511, 93
173564, 846
173577, 353
173702, 313
173772, 520
173772, 521
173844, 60
173922, 595
173933, 373
173952, 573
173998, 97
174028, 66
174070, 305
174134, 84
174134, 86
174345, 57
174378, 308
174381, 573
174399, 127
174399, 705
174431, 66
174525, 72
174531, 573
174545, 917
174567, 10
174587, 313
174616, 313
174659, 290
174659, 353
174738, 84
174758, 66
175022, 308
175066, 1040
175085, 573
175177, 295
175261, 353
175372, 503
175372, 573
175382, 10
175391, 561
175406, 98
175447, 1115
175473, 573
175488, 103
175528, 66
175607, 353
175674, 313
175699, 846
175760, 784
175771, 756
175772, 373
175781, 479
175781, 715
175822, 688
175870, 146
175876, 313
175926, 400
175964, 561
176012, 395
176012, 396
176089, 84
176155, 1122
176200, 400
176409, 7
176452, 26
176555, 455
176624, 756
176874, 353
176894, 479
176915, 866
176966, 1736
176985, 74
177036, 639
177061, 637
177155, 870
177204, 313
177243, 202
177297, 773
177406, 479
177406, 715
177432, 441
177460, 338
177466, 313
177710, 564
177755, 353
177756, 72
177912, 1323
177919, 463
177932, 503
177936, 186
178024, 573
178046, 656
178118, 4
178184, 302
178310, 26
178347, 870
178371, 721
178407, 84
178407, 85
178407, 86
178450, 308
178450, 1233
178464, 91
178570, 385
178570, 1233
178570, 1812
178574, 91
178605, 186
178644, 308
178679, 338
178685, 400
178811, 60
178824, 472
178876, 186
178973, 26
178986, 2016
179185, 400
179198, 870
179255, 927
179329, 82
179329, 83
179385, 65
179407, 84
179407, 85
179407, 91
179415, 66
179431, 620
179507, 1239
179533, 1233
179580, 60
179738, 186
179738, 571
179743, 290
179743, 353
179812, 66
179885, 730
179908, 338
180141, 66
180167, 281
180199, 503
180298, 653
180299, 186
180299, 313
180331, 357
180401, 756
180483, 1736
180522, 313
180618, 185
180752, 439
180849, 455
180943, 756
180945, 575
181122, 66
181162, 84
181181, 693
181210, 561
181252, 870
181357, 439
181454, 297
181481, 85
181481, 86
181481, 756
181582, 472
181595, 687
181613, 841
181631, 175
181718, 47
181746, 599
181815, 216
181818, 217
182005, 60
182012, 656
182403, 503
182436, 66
182449, 503
182480, 91
182488, 479
182619, 1524
182638, 281
182651, 296
182707, 1003
182777, 841
182831, 44
182842, 91
182949, 461
182975, 216
183059, 784
183106, 943
183108, 568
183108, 725
183108, 1262
183155, 385
183226, 756
183237, 53
183387, 66
183426, 127
183606, 2367
183651, 313
183653, 503
183839, 934
183875, 66
183881, 1806
183947, 11
183947, 702
183951, 564
183968, 846
184114, 2051
184320, 439
184338, 353
184359, 837
184455, 313
184503, 313
184582, 1311
184636, 870
184658, 186
184694, 1545
184705, 528
184801, 84
184801, 86
184948, 846
184949, 573
185035, 84
185035, 86
185035, 91
185063, 66
185115, 439
185159, 969
185183, 702
185211, 313
185253, 400
185255, 547
185276, 308
185325, 693
185325, 773
185357, 2508
185377, 756
185444, 561
185493, 571
185535, 503
185639, 495
185756, 66
185806, 26
185817, 595
185827, 82
185827, 585
185828, 442
185828, 936
185847, 313
185849, 479
185849, 715
185856, 711
185882, 26
185887, 715
185934, 353
185961, 313
186181, 47
186181, 54
186191, 1311
186216, 870
186226, 1233
186272, 10
186306, 705
186345, 44
186387, 353
186524, 119
186538, 503
186622, 846
186623, 846
186641, 313
186659, 66
186708, 1158
186708, 1858
186709, 688
186771, 707
186862, 756
187002, 573
187007, 756
187025, 1937
187155, 908
187159, 44
187232, 57
187240, 693
187242, 756
187322, 817
187345, 1141
187348, 400
187417, 400
187447, 1311
187532, 317
187644, 22
187651, 84
187699, 353
187705, 313
187741, 501
187741, 502
187747, 74
187795, 44
187807, 341
187820, 313
187851, 35
187982, 688
188002, 290
188002, 353
188155, 2123
188183, 479
188232, 846
188281, 870
188296, 1160
188406, 688
188432, 547
188504, 353
188547, 846
188571, 846
188580, 756
188588, 60
188734, 634
188750, 573
188779, 328
188952, 479
189008, 1233
189012, 66
189019, 66
189021, 44
189047, 547
189055, 313
189063, 455
